,name,location,price_for_two,cuisines,rating,restaurant_link
0,Ouro,"Forum Rex Walk, Bangalore",3000,"European, Mexican, Desserts",New,https://www.zomato.com//bangalore/ouro-brigade-road-bangalore/info
1,Just BLR,"Brigade Road, Bangalore",2500,"North Indian, Chinese, Biryani, Beverages",4.4,https://www.zomato.com//bangalore/just-blr-1-brigade-road-bangalore/info
2,The Bier Library,"Koramangala 6th Block, Bangalore",1800,"North Indian, Pizza, European, American, Bar Food, Oriental, Desserts, BBQ",4.5,https://www.zomato.com//bangalore/the-bier-library-koramangala-6th-block-bangalore/info
3,Bombay Borough,"Richmond Road, Bangalore",2000,"North Indian, Biryani, South Indian, Desserts, Tea, Beverages",4.5,https://www.zomato.com//bangalore/bombay-borough-richmond-road-bangalore/info
4,Pangeo,"Forum Rex Walk, Bangalore",3500,"Sushi, Continental, Mediterranean, Pizza, Pasta, North Indian, Desserts, Asian",4.5,https://www.zomato.com//bangalore/pangeo-brigade-road-bangalore/info
5,Mayuri,"JP Nagar, Bangalore",1200,"Andhra, Biryani, North Indian, Chinese, Desserts",4.5,https://www.zomato.com//bangalore/mayuri-1-jp-nagar-bangalore/info
6,Over Coffee Cafe & Wine Bar,"Lavelle Road, Bangalore",1200,"European, Italian, Continental, Cafe, Coffee",4.5,https://www.zomato.com//bangalore/over-coffee-cafe-wine-bar-lavelle-road-bangalore/info
7,Farzi Cafe,"UB City, Bangalore",1900,"North Indian, Desserts",4.2,https://www.zomato.com//bangalore/farzi-cafe-lavelle-road/info
8,ShakesBierre,"Eva Mall, Brigade Road, Bangalore",1800,"Finger Food, North Indian, Continental, Italian, Desserts, Beverages",4.4,https://www.zomato.com//bangalore/shakesbierre-1-brigade-road-bangalore/info
9,Smoke House Deli,"Indiranagar, Bangalore",1500,"Continental, Italian, BBQ, Fast Food, Ice Cream, Desserts, Coffee, Beverages",4.5,https://www.zomato.com//SmokeHouseDeli-Indiranagar/info
10,2 MOONS,"1 MG Road Mall, MG Road, Bangalore",2100,"Modern Indian, Continental, Asian",4.3,https://www.zomato.com//bangalore/2-moons-mg-road-bangalore/info
11,Sarjapur SOCIAL,"Sarjapur Road, Bangalore",1000,"North Indian, Chinese, Biryani, Pasta, Burger, Pizza, Desserts, Beverages",4.4,https://www.zomato.com//SarjapurSocial/info
12,No Limmits Lounge And Club,"Brigade Road, Bangalore",2500,"Chinese, Continental, North Indian, Fast Food, Pizza, Beverages",3.8,https://www.zomato.com//bangalore/no-limmits-lounge-and-club-brigade-road-bangalore/info
13,Feast - Sheraton Grand Bangalore Hotel at Brigade Gateway,"Sheraton Grand Bangalore Hotel at Brigade Gateway, Bangalore",3500,"North Indian, Continental, Fast Food, Asian, Beverages",4.2,https://www.zomato.com//bangalore/feast-sheraton-grand-bangalore-hotel-at-brigade-gateway-malleshwaram-bangalore/info
14,KOKO,"Old Airport Road, Bangalore",3500,"Asian, Sushi, Desserts, Chinese, Beverages",New,https://www.zomato.com//bangalore/koko-airport-road-bangalore/info
15,Toit,"Indiranagar, Bangalore",2500,"Italian, American, European, Continental, Desserts",4.9,https://www.zomato.com//bangalore/toit-indiranagar/info
16,Lono,"Indiranagar, Bangalore",1700,"Chinese, Italian, Continental, North Indian, Seafood, Pizza, Pasta, Fast Food",4.2,https://www.zomato.com//bangalore/lono-indiranagar-bangalore/info
17,RCB Bar & Cafe,"1 Sobha, Bangalore",2000,"Continental, Asian, North Indian, Pizza, Fast Food, Desserts, Beverages",4.4,https://www.zomato.com//bangalore/rcb-bar-cafe-st-marks-road-bangalore/info
18,SkyDeck By Sherlock's,"MG Road, Bangalore",1800,"Continental, Chinese, Finger Food, North Indian, Fast Food, Beverages, Desserts",4.0,https://www.zomato.com//bangalore/skydeck-by-sherlocks-mg-road-bangalore/info
19,Roxie,"Sarjapur Road, Bangalore",2600,"Continental, Asian, North Indian, European, American, Italian, Pizza, Beverages",4.6,https://www.zomato.com//bangalore/roxie-sarjapur-road-bangalore/info
20,Foo Brigade Road,"Forum Rex Walk, Bangalore",2000,"Chinese, Sushi, Asian, Japanese, Desserts",4.6,https://www.zomato.com//bangalore/foo-brigade-road-brigade-road-bangalore/info
21,Amintiri,"Church Street, Bangalore",1100,"Desserts, Bakery, Fast Food, Beverages, Pasta, Italian, Cafe, Finger Food",4.4,https://www.zomato.com//bangalore/amintiri-church-street-bangalore/info
22,Maffei Kitchen,"Koramangala 5th Block, Bangalore",1700,"Lebanese, Greek, Moroccan, Desserts, Beverages",4.7,https://www.zomato.com//bangalore/maffei-kitchen-1-koramangala-5th-block-bangalore/info
23,Long Boat Brewing Co.,"Marathahalli, Bangalore",2600,"Asian, Chinese, North Indian, Pizza, South Indian, Continental",4.2,https://www.zomato.com//bangalore/long-boat-brewing-co-marathahalli-bangalore/info
24,Citrus - The Leela Palace,"The Leela Palace, Old Airport Road, Bangalore",4700,"North Indian, Continental, Asian, Desserts",4.0,https://www.zomato.com//bangalore/citrus-the-leela-palace-airport-road/info
25,Ministry of Food - Hilton Bangalore Embassy GolfLinks,"Hilton Bangalore Embassy GolfLinks, Domlur, Bangalore",3500,"Asian, Continental, Italian, North Indian, Mughlai, Desserts, Beverages",3.9,https://www.zomato.com//bangalore/ministry-of-food-hilton-bangalore-embassy-golflinks-domlur-bangalore/info
26,Muro,"Church Street, Bangalore",3000,"Thai, Cantonese",4.5,https://www.zomato.com//bangalore/muro-church-street-bangalore/info
27,Oia,"Hennur, Bangalore",2500,"Continental, Asian, Seafood, Salad, Pizza, North Indian, Desserts",4.1,https://www.zomato.com//bangalore/oia-3-hennur-bangalore/info
28,Jugni Kitchen & Bar,"Koramangala 5th Block, Bangalore",1600,"North Indian, Modern Indian, Bar Food",4.5,https://www.zomato.com//bangalore/jugni-kitchen-bar-koramangala-5th-block-bangalore/info
29,Tim Hortons,"Koramangala 8th Block, Bangalore",1000,"Coffee, Cafe, Continental, Sandwich, Fast Food, Salad, Beverages, Desserts",4.1,https://www.zomato.com//bangalore/tim-hortons-koramangala-8th-block-bangalore/info
30,K-OS TheGameBar,"Koramangala 7th Block, Bangalore",1700,"Continental, Italian, North Indian, Finger Food, Asian, Fast Food",4.4,https://www.zomato.com//bangalore/k-os-thegamebar-koramangala-7th-block-bangalore/info
31,Jamavar - The Leela Palace,"The Leela Palace, Old Airport Road, Bangalore",5000,"North Indian, South Indian",4.3,https://www.zomato.com//bangalore/jamavar-the-leela-palace-airport-road/info
32,Terrace By House Of Commons,"JP Nagar, Bangalore",2000,"Modern Indian, Continental, Asian, Chinese, North Indian, Seafood, Bar Food, Beverages",4.6,https://www.zomato.com//bangalore/terrace-by-house-of-commons-jp-nagar-bangalore/info
33,Uru Brewpark,"JP Nagar, Bangalore",2200,"Continental, North Indian, Italian, Chinese, Asian, Pizza, Lebanese, Beverages",4.3,https://www.zomato.com//bangalore/uru-brewpark-jp-nagar-bangalore/info
34,XOOX Brewmill,"Koramangala 5th Block, Bangalore",2500,"North Indian, Continental, American, Italian, Asian, Modern Indian, Pizza, Desserts",4.3,https://www.zomato.com//bangalore/xoox-brewmill-koramangala-5th-block-bangalore/info
35,Feast - Sheraton Grand Bengaluru Whitefield Hotel & Convention Centre,"Sheraton Grand Bengaluru, Whitefield, Bangalore",3500,"Continental, South Indian, North Indian, Desserts, Beverages",4.3,https://www.zomato.com//bangalore/feast-sheraton-grand-bengaluru-whitefield-hotel-convention-centre-whitefield-bangalore/info
36,Zen - The Leela Palace,"The Leela Palace, Old Airport Road, Bangalore",3500,"Thai, Japanese, Chinese, Rolls",4.1,https://www.zomato.com//bangalore/zen-the-leela-palace-airport-road/info
37,Ironhill Bengaluru,"Marathahalli, Bangalore",2000,"North Indian, Continental, Asian, Pizza, Fast Food, Biryani, Beverages, Desserts",4.5,https://www.zomato.com//bangalore/ironhill-bengaluru-marathahalli-bangalore/info
38,Grazers Resto - Bar,"Jayanagar, Bangalore",1300,"North Indian, Salad, Continental, Burger, Pizza, Fast Food, Asian, Bar Food",4.0,https://www.zomato.com//bangalore/grazers-resto-bar-jayanagar-bangalore/info
39,Stories Brewery & Kitchen,"BTM, Bangalore",1800,"North Indian, Continental, Chinese, Finger Food, Beverages, Desserts",4.4,https://www.zomato.com//bangalore/stories-brewery-kitchen-btm-bangalore/info
40,No Limmits Lounge And Club,"Brigade Road, Bangalore",2500,"Chinese, Continental, North Indian, Fast Food, Pizza, Beverages",3.8,https://www.zomato.com//bangalore/no-limmits-lounge-and-club-brigade-road-bangalore/info
41,Macaw By Stories,"Bommanahalli, Bangalore",1000,"South Indian, North Indian, Chinese, Pasta, Pizza, Fast Food, Salad, Desserts",4.2,https://www.zomato.com//bangalore/macaw-by-stories-bommanahalli-bangalore/info
42,The Weekly Brewhouse & Kitchen,"Hosur Road, Bangalore",1500,"Continental, Bar Food, Chinese, North Indian, Pasta, Pizza, Biryani, Beverages",4.5,https://www.zomato.com//bangalore/the-weekly-brewhouse-kitchen-5-hosur-road-bangalore/info
43,North Star Cafe,"HSR, Bangalore",800,"Cafe, Bakery, Beverages, Desserts, Continental, Healthy Food",4.2,https://www.zomato.com//bangalore/north-star-cafe-hsr-bangalore/info
44,The Pizza Bakery,"Koramangala 5th Block, Bangalore",1500,"Pizza, Italian, Pasta, Salad, Continental, Desserts, Beverages",4.5,https://www.zomato.com//bangalore/the-pizza-bakery-koramangala-5th-block-bangalore/info
45,Dyu Art Cafe,"Koramangala 8th Block, Bangalore",850,"Cafe, Continental, Burger, Sandwich, Pizza, Fast Food, Desserts, Beverages",4.3,https://www.zomato.com//bangalore/dyu-art-cafe-koramangala-8th-block-bangalore/info
46,Geometry Brewery & Kitchen,"Malleshwaram, Bangalore",1800,"Chinese, North Indian, Italian, Continental, Pizza, Desserts, Beverages",4.2,https://www.zomato.com//bangalore/geometry-brewery-kitchen-malleshwaram-bangalore/info
47,Homiga,"Forum Rex Walk, Bangalore",1500,"Korean, Asian",4.1,https://www.zomato.com//bangalore/homiga-brigade-road-bangalore/info
48,1131 Bar + Kitchen By House Of Commons,"Indiranagar, Bangalore",2200,"Finger Food, North Indian, Continental, Chinese, Italian, Asian, Desserts, Beverages",4.5,https://www.zomato.com//bangalore/1131-bar-kitchen-by-house-of-commons-indiranagar-bangalore/info
49,Asia Alive - DoubleTree Suites By Hilton,"DoubleTree Suites By Hilton, Sarjapur, Bangalore",3500,"North Indian, South Indian, Chinese, Thai, Italian, Burger, Sandwich, Beverages",3.9,https://www.zomato.com//bangalore/asia-alive-doubletree-suites-by-hilton-sarjapur-road-bangalore/info
50,The Terrace at Gilly's Redefined,"Gilly's Redefined, Koramangala 4th Block, Bangalore",2000,"Continental, Finger Food, Chinese, North Indian, Italian, Beverages, Desserts",4.4,https://www.zomato.com//bangalore/the-terrace-at-gillys-redefined-koramangala-4th-block/info
51,The Hole In The Wall Cafe,"Koramangala 4th Block, Bangalore",700,"Cafe, Continental, Burger, Sandwich, Shake, Beverages, Desserts",4.4,https://www.zomato.com//bangalore/the-hole-in-the-wall-cafe-koramangala-4th-block-bangalore/info
52,Chowman,"Indiranagar, Bangalore",1400,"Chinese, Thai, Asian, Seafood, Sichuan, Desserts, Beverages",4.5,https://www.zomato.com//bangalore/chowman-indiranagar-bangalore/info
53,Quattro - The Leela Bhartiya City Bengaluru,"The Leela - Bhartiya City, Bangalore",3500,"North Indian, Mediterranean, European",4.2,https://www.zomato.com//bangalore/quattro-the-leela-bhartiya-city-bengaluru-jakkur-bangalore/info
54,Lush - Renaissance Hotel,"Renaissance Hotel, Race Course Road, Bangalore",3500,"North Indian, Continental, Chinese, Fast Food",4.4,https://www.zomato.com//bangalore/lush-renaissance-hotel-race-course-road-bangalore/info
55,Biergarten,"Whitefield, Bangalore",2500,"Continental, European, BBQ, Chinese, Asian, Beverages",4.6,https://www.zomato.com//bangalore/biergarten-whitefield/info
56,Cafe Grey By Dongle & Co,"Indiranagar, Bangalore",1200,"Cafe, Coffee, Beverages, Continental, Pizza, Italian, Salad, Desserts",4.4,https://www.zomato.com//bangalore/cafe-grey-by-dongle-co-indiranagar-bangalore/info
57,F5,"Embassy Manyata Business Park,  Nagawara , Bangalore",3100,"North Indian, Continental, Pizza, Fast Food, Coffee, Tea, Desserts, Beverages",4.3,https://www.zomato.com//bangalore/f5-3-nagawara-bangalore/info
58,154 Breakfast Club,"JP Nagar, Bangalore",1100,"Burger, Cafe, Sandwich, Street Food, Fast Food, Pancake, Asian, Desserts",4.5,https://www.zomato.com//bangalore/154-breakfast-club-jp-nagar-bangalore/info
59,Street 1522,"Sarjapur Road, Bangalore",2200,"North Indian, Asian, Seafood, Continental, Mughlai, Kebab, Street Food, Beverages",4.3,https://www.zomato.com//bangalore/street-1522-sarjapur-road-bangalore/info
60,The Market - The Ritz-Carlton,"The Ritz-Carlton, Bangalore",3000,"North Indian, European, Asian",4.1,https://www.zomato.com//bangalore/the-market-the-ritz-carlton-residency-road/info
61,Daddy,"Indiranagar, Bangalore",1700,"Continental, North Indian, Asian, Italian, Chinese, European, Bar Food, Beverages",4.3,https://www.zomato.com//bangalore/daddy-indiranagar-bangalore/info
62,SLAY Coffee Bar,"Miraya Rose, Bangalore",600,"Cafe, Coffee, Beverages, Fast Food",4.2,https://www.zomato.com//bangalore/slay-coffee-bar-whitefield-bangalore/info
63,Phurr,"Jayanagar, Bangalore",2000,"North Indian, Continental",4.2,https://www.zomato.com//bangalore/phurr-jayanagar-bangalore/info
64,The Kind Roastery & Brew Room,"JP Nagar, Bangalore",500,"Cafe, Coffee, Desserts, Asian, Pizza, Tea, Beverages, Pasta",4.5,https://www.zomato.com//bangalore/the-kind-roastery-brew-room-jp-nagar-bangalore/info
65,The Square - Novotel,"Novotel Bengaluru, Marathahalli, Bangalore",3200,"Continental, North Indian, Japanese, Italian",4.3,https://www.zomato.com//bangalore/the-square-novotel-marathahalli/info
66,Tastique,"Nagawara, Bangalore",1500,"North Indian, Chinese, Beverages",4.4,https://www.zomato.com//bangalore/tastique-6-nagawara-bangalore/info
67,Brik Oven,"Indiranagar, Bangalore",1200,"Pizza, Fast Food, Desserts, Beverages",4.4,https://www.zomato.com//bangalore/brik-oven-indiranagar-bangalore/info
68,Magique,"Koramangala 6th Block, Bangalore",1700,"Asian, Modern Indian, Continental, Italian, North Indian, Sushi, Desserts, Beverages",3.8,https://www.zomato.com//bangalore/magique-koramangala-6th-block-bangalore/info
69,Melange,"Radisson Blu, Marathahalli, Bangalore",3500,"North Indian, South Indian, Continental, Italian, Desserts",4.0,https://www.zomato.com//bangalore/melange-marathahalli-bangalore/info
70,Nusa,"Varthur Main Road, Whitefield, Bangalore",1500,"Continental, Chinese",3.7,https://www.zomato.com//bangalore/nusa-varthur-main-road-whitefield-bangalore/info
71,Restaurant Chef Pillai,"Brigade Road, Bangalore",1000,Kerala,4.4,https://www.zomato.com//bangalore/restaurant-chef-pillai-brigade-road-bangalore/info
72,Secret Story,"Indiranagar, Bangalore",1500,"Continental, Asian, North Indian, Fast Food, Desserts, Beverages",4.0,https://www.zomato.com//bangalore/secret-story-indiranagar-bangalore/info
73,Mykos Craft Kitchen & Bar,"Bannerghatta Road, Bangalore",1600,"Continental, Greek, Asian, Mediterranean, North Indian",4.3,https://www.zomato.com//bangalore/mykos-craft-kitchen-bar-bannerghatta-road-bangalore/info
74,The Verandah Koramangala,"Koramangala 3rd Block, Bangalore",1500,"South Indian, Asian, Salad, Healthy Food, Chinese, Desserts",3.3,https://www.zomato.com//bangalore/the-verandah-koramangala-4-koramangala-3rd-block-bangalore/info
75,Cafe Noir,"UB City, Bangalore",1800,"Italian, Continental, French, Cafe, Pizza, Desserts, Juices, Beverages",4.1,https://www.zomato.com//bangalore/cafe-noir-lavelle-road/info
76,Truffles,"Koramangala 5th Block, Bangalore",1100,"Burger, Italian, Desserts, Continental, American, Fast Food, Beverages",4.6,https://www.zomato.com//bangalore/truffles-koramangala-5th-block/info
77,46 Ounces,"RMZ Infinity, Old Madras Road, Bangalore",1200,"North Indian, Asian, Italian, Pizza, Desserts",4.4,https://www.zomato.com//bangalore/46-ounces-old-madras-road-bangalore/info
78,The Rameshwaram Cafe,"Indiranagar, Bangalore",200,"South Indian, Beverages",4.2,https://www.zomato.com//bangalore/the-rameshwaram-cafe-indiranagar-bangalore/info
79,BLR Brewing Co,"Whitefield, Bangalore",1200,"North Indian, Continental, Chinese, Italian, BBQ, Bar Food, Desserts",New,https://www.zomato.com//bangalore/blr-brewing-co-1-whitefield-bangalore/info
80,Smoor,"Indiranagar, Bangalore",600,"Bakery, Desserts, Beverages",4.5,https://www.zomato.com//bangalore/smoor-2-indiranagar-bangalore/info
81,Sky Garden,"Whitefield, Bangalore",2000,"Continental, North Indian, Pizza, Asian, Pasta, Chinese, Desserts, Beverages",4.1,https://www.zomato.com//bangalore/sky-garden-whitefield-bangalore/info
82,Miso Sexy,"Indiranagar, Bangalore",1800,"Japanese, Chinese, Sushi, Beverages",4.4,https://www.zomato.com//bangalore/miso-sexy-indiranagar-bangalore/info
83,One8 Commune,"Lavelle Road, Bangalore",3000,"North Indian, Chinese, Pasta, Sushi, Continental, Desserts, Beverages",3.9,https://www.zomato.com//bangalore/one8-commune-lavelle-road-bangalore/info
84,Spice It - Ibis Hotel,"Hebbal, Bangalore",1800,"North Indian, Chinese, Italian, Continental, Pasta, Desserts, Beverages",3.7,https://www.zomato.com//bangalore/spice-it-ibis-hotel-hebbal-bangalore/info
85,Deck Of Brews,"Kadubeesanahalli, Bangalore",1500,"Continental, North Indian, Italian, Asian, Desserts, Pizza, Pasta, South Indian",4.3,https://www.zomato.com//bangalore/deck-of-brews-kadubeesanahalli-bangalore/info
86,Casa Fresco By Tea Brew,"HSR, Bangalore",950,"American, Italian, Pasta, Steak, Chinese, Momos, Bubble Tea, Beverages",4.0,https://www.zomato.com//bangalore/casa-fresco-by-tea-brew-hsr-bangalore/info
87,The Creek - The Den Bengaluru,"The Den, Whitefield, Bangalore",3000,"North Indian, South Indian, Asian, Pizza, Desserts",4.1,https://www.zomato.com//bangalore/the-creek-the-den-bengaluru-whitefield/info
88,Theo Cafe,"Hennur, Bangalore",1000,"Continental, Asian, Coffee, Japanese, Italian, Desserts, Beverages",4.3,https://www.zomato.com//bangalore/theo-cafe-3-hennur-bangalore/info
89,Just Loaf,"Koramangala 3rd Block, Bangalore",1000,"Burger, Fast Food, Bakery, Desserts",New,https://www.zomato.com//bangalore/just-loaf-koramangala-3rd-block-bangalore/info
90,Aurum Brew Works,"Sarjapur Road, Bangalore",1500,"North Indian, Mughlai, Continental, Asian, Beverages, Desserts",4.3,https://www.zomato.com//bangalore/aurum-brew-works-sarjapur-road-bangalore/info
91,The Coffee Brewery,"Koramangala 4th Block, Bangalore",800,"Cafe, Coffee, Sandwich, Fast Food, Desserts, Tea, Beverages",3.7,https://www.zomato.com//bangalore/the-coffee-brewery-koramangala-4th-block-bangalore/info
92,The Caffeine Baar,"Jayanagar, Bangalore",950,"Cafe, Italian, Continental, Bakery, Desserts, Beverages",4.3,https://www.zomato.com//bangalore/the-caffeine-baar-jayanagar-bangalore/info
93,Raahi,"St. Marks Road, Bangalore",2000,"North Indian, Pasta, Pizza, Desserts, Beverages",4.2,https://www.zomato.com//bangalore/raahi-st-marks-road-bangalore/info
94,Float Brewery,"Kalyan Nagar, Bangalore",1500,"Bar Food, Continental, Italian, Asian, North Indian, Desserts, Pizza, Beverages",4.4,https://www.zomato.com//bangalore/float-brewery-kalyan-nagar-bangalore/info
95,Harley's Fine Baking,"JP Nagar, Bangalore",600,"Bakery, Sandwich",4.0,https://www.zomato.com//bangalore/harleys-fine-baking-jp-nagar-bangalore/info
96,Punjab Grill,"Jakkur, Bangalore",2500,North Indian,4.2,https://www.zomato.com//bangalore/punjab-grill-jakkur-bangalore/info
97,Bramble,"Jayanagar, Bangalore",1800,"Continental, Asian, North Indian, Italian, Bar Food, Beverages",4.5,https://www.zomato.com//bangalore/bramble-jayanagar-bangalore/info
98,Hard Rock Cafe,"St. Marks Road, Bangalore",2500,"American, Continental, Burger, Sandwich, Fast Food, Desserts, Beverages",4.6,https://www.zomato.com//bangalore/hard-rock-cafe-st-marks-road/info
99,Sashay-Taproom Kitchen,"Whitefield, Bangalore",2000,"Asian, Modern Indian, Continental, Sushi, North Indian, Chinese, Desserts, Beverages",4.8,https://www.zomato.com//bangalore/sashay-taproom-kitchen-whitefield-bangalore/info
100,The Black Pearl,"Kadubeesanahalli, Bangalore",2100,"North Indian, Chinese, Fast Food, Street Food, Mughlai, Desserts, Beverages",4.2,https://www.zomato.com//bangalore/the-black-pearl-kadubeesanahalli-bangalore/info
101,Red Rhino,"Whitefield, Bangalore",2000,"Continental, North Indian, Asian, Oriental, Mediterranean, Mangalorean, Beverages, Desserts",4.4,https://www.zomato.com//bangalore/red-rhino-whitefield-bangalore/info
102,Byg Brewski Brewing Company,"Sarjapur Road, Bangalore",2000,"Continental, North Indian, Asian, Fast Food, Pizza, Pasta, Burger, Desserts",4.6,https://www.zomato.com//bangalore/byg-brewski-brewing-company-sarjapur-road-bangalore/info
103,Nando's,"Forum Rex Walk, Bangalore",1500,"Burger, Healthy Food, Portuguese",4.4,https://www.zomato.com//bangalore/nandos-brigade-road-bangalore/info
104,Iris Cafe & Kitchen,"JP Nagar, Bangalore",1200,"Cafe, Coffee, Chinese, Continental, Modern Indian, Pasta, Fast Food, Desserts",4.1,https://www.zomato.com//bangalore/iris-cafe-kitchen-1-jp-nagar-bangalore/info
105,Nook,"Aloft Bengaluru Cessna Business Park, Kadubeesanahalli, Bangalore",1200,"North Indian, Continental, Asian, Fast Food, South Indian, Desserts, Waffle",4.0,https://www.zomato.com//bangalore/nook-kadubeesanahalli-bangalore/info
106,Taproom By Sherlock's,"JP Nagar, Bangalore",1800,"North Indian, Oriental, Continental, Biryani, Pizza, Pasta, Desserts, Beverages",4.2,https://www.zomato.com//bangalore/taproom-by-sherlocks-jp-nagar-bangalore/info
107,Zoey's,"Sarjapur Road, Bangalore",700,"Burger, Beverages, Continental, Pasta, Chinese, Sandwich, Cafe, Desserts",4.2,https://www.zomato.com//bangalore/zoeys-sarjapur-road/info
108,Moglu - The Edgy Veggie Restaurant,"St. Marks Road, Bangalore",1000,"American, Continental, Desserts, Beverages",New,https://www.zomato.com//bangalore/moglu-the-edgy-veggie-restaurant-st-marks-road-bangalore/info
109,High Ultra Lounge,"Sheraton Grand Bangalore Hotel at Brigade Gateway, Bangalore",3600,"North Indian, Continental, Finger Food, Desserts",4.2,https://www.zomato.com//bangalore/high-ultra-lounge-malleshwaram/info
110,Caraway Kitchen - Conrad Bengaluru,"Conrad Bengaluru, Ulsoor, Bangalore",3900,"Asian, Continental, North Indian, Italian, Fast Food",4.1,https://www.zomato.com//bangalore/caraway-kitchen-conrad-bengaluru-ulsoor/info
111,Fox In The Field,"Forum Shantiniketan Mall, Whitefield, Bangalore",2000,"Modern Indian, Continental, North Indian, Pizza, American, Italian, Desserts, Beverages",4.2,https://www.zomato.com//bangalore/fox-in-the-field-whitefield-bangalore/info
112,TYD,"Hennur, Bangalore",1900,"Asian, European, Sushi, Continental, Italian, Mexican, Beverages, Desserts",4.4,https://www.zomato.com//bangalore/tyd-1-hennur-bangalore/info
113,Imperio Restaurant,"HSR, Bangalore",1000,"Biryani, Kebab, Chinese, North Indian, Arabian, South Indian, Shawarma, Desserts",4.1,https://www.zomato.com//bangalore/imperio-restaurant-2-hsr-bangalore/info
114,Kana By Coffee Mechanics,"HBR Layout, Bangalore",1000,"Cafe, Coffee, Pizza, Continental, Desserts, Beverages, Burger, Pasta",4.3,https://www.zomato.com//bangalore/kana-by-coffee-mechanics-hbr-layout-bangalore/info
115,Kari Theory - Namma Bar & Kitchen,"Radisson Bangalore City Centre, Ulsoor, Bangalore",3500,"Chinese, North Indian, Biryani, Asian, Fast Food, Beverages",4.1,https://www.zomato.com//bangalore/kari-theory-namma-bar-kitchen-ulsoor-bangalore/info
116,The Coffee Brewery,"Kalyan Nagar, Bangalore",800,"Cafe, Coffee, Tea, Beverages, Sandwich, Fast Food, Desserts",3.3,https://www.zomato.com//bangalore/the-coffee-brewery-kalyan-nagar-bangalore/info
117,Lavonne,"Indiranagar, Bangalore",1300,"Cafe, Tea, Beverages, Bakery, Continental, Pasta, Salad, Fast Food",4.5,https://www.zomato.com//bangalore/lavonne-indiranagar/info
118,Linto Coffe,"JP Nagar, Bangalore",850,"Coffee, Chinese, Continental",4.0,https://www.zomato.com//bangalore/linto-coffe-jp-nagar-bangalore/info
119,Cuppa Redefined,"HSR, Bangalore",700,"Cafe, American, Burger, Healthy Food, Salad, Fast Food, Desserts, Beverages",4.3,https://www.zomato.com//bangalore/cuppa-redefined-hsr-bangalore/info
120,TBC- Sky Lounge,"HSR, Bangalore",1500,"Continental, Italian, Asian, North Indian, South Indian, Biryani, Desserts, Beverages",4.5,https://www.zomato.com//bangalore/tbc-sky-lounge-hsr-bangalore/info
121,Butterfly Brew Bite & Fly,"JP Nagar, Bangalore",1500,"North Indian, Continental, Pizza, Italian, Asian, Desserts, Beverages",4.2,https://www.zomato.com//bangalore/butterfly-brew-bite-fly-jp-nagar-bangalore/info
122,Backstreet Brewery,"Sarjapur Road, Bangalore",1800,"Italian, Bar Food, Pizza, North Indian, Asian, Desserts, Beverages",4.4,https://www.zomato.com//bangalore/backstreet-brewery-sarjapur-road-bangalore/info
123,Gold Rush Brews,"KR Puram, Bangalore",1900,"North Indian, Italian, Asian, Continental, American, South Indian, Beverages, Desserts",4.4,https://www.zomato.com//bangalore/gold-rush-brews-kr-puram-bangalore/info
124,Kake Di Hatti,"Whitefield, Bangalore",1800,"North Indian, Chinese, Beverages",4.0,https://www.zomato.com//bangalore/kake-di-hatti-whitefield-bangalore/info
125,Masala Mandi,"Sarjapur Road, Bangalore",1800,"North Indian, BBQ, Biryani, Desserts, Beverages, Mughlai",4.3,https://www.zomato.com//bangalore/masala-mandi-sarjapur-road-bangalore/info
126,JW Kitchen - JW Marriott Bengaluru,"JW Marriott Bengaluru, Lavelle Road, Bangalore",5000,"North Indian, Continental, Mughlai, Beverages, Desserts",4.2,https://www.zomato.com//bangalore/jw-kitchen-jw-marriott-bengaluru-lavelle-road/info
127,Neo Kitchen,"Embassy Manyata Business Park,  Nagawara , Bangalore",3100,"Asian, Continental, Italian, South Indian, North Indian, Biryani, Desserts, Beverages",4.2,https://www.zomato.com//bangalore/neo-kitchen-1-nagawara-bangalore/info
128,The Watering Hole,"BTM, Bangalore",1400,"Continental, North Indian, European, Asian, Desserts, Beverages",New,https://www.zomato.com//bangalore/the-watering-hole-btm-bangalore/info
129,Orah Brew Garden,"Yelahanka, Bangalore",1300,"Asian, Continental, Desserts, European, Modern Indian",4.2,https://www.zomato.com//bangalore/orah-brew-garden-yelahanka-bangalore/info
130,Nuage,"Indiranagar, Bangalore",950,"Burger, Bakery, Continental",4.5,https://www.zomato.com//bangalore/nuage-indiranagar-bangalore/info
131,Zodiac Bar & Kitchen,"Brookefield, Bangalore",1800,"Continental, North Indian, Pizza, Italian, Chinese, Fast Food, Biryani, Desserts",4.3,https://www.zomato.com//bangalore/zodiac-bar-kitchen-brookefield-bangalore/info
132,Hoot,"Sarjapur Road, Bangalore",2000,"Continental, Italian, North Indian, Beverages",4.2,https://www.zomato.com//bangalore/hoot-sarjapur-road/info
133,Buff Buffet Buff,"BluPetal Hotel, Koramangala, Bangalore",1800,"South Indian, Salad, Bar Food, North Indian, Desserts, Beverages",4.4,https://www.zomato.com//bangalore/buff-buffet-buff-koramangala-5th-block/info
134,Indian Biere House,"JP Nagar, Bangalore",2500,"Continental, Mediterranean, North Indian, Asian, Bar Food, Italian, Desserts, Beverages",4.4,https://www.zomato.com//bangalore/indian-biere-house-jp-nagar-bangalore/info
135,Boho,"Brookefields Mall, Brookefield, Bangalore",2500,"Bar Food, North Indian, Continental, Asian, Desserts, Beverages",4.1,https://www.zomato.com//bangalore/boho-brookefield-bangalore/info
136,The Scene - Craft Kitchen & Bar,"JP Nagar, Bangalore",1500,"North Indian, Continental, Asian, Desserts, Beverages",4.2,https://www.zomato.com//bangalore/the-scene-craft-kitchen-bar-jp-nagar-bangalore/info
137,The French Treaty,"Yelahanka, Bangalore",1000,"Cafe, Coffee, French, Desserts, Beverages",3.5,https://www.zomato.com//bangalore/the-french-treaty-1-yelahanka-bangalore/info
138,Bombay Curry House,"Embassy Manyata Business Park,  Nagawara , Bangalore",1300,"South Indian, North Indian, Chinese, Bar Food, Salad, Biryani, Desserts, Beverages",4.5,https://www.zomato.com//bangalore/bombay-curry-house-nagawara-bangalore/info
139,Mitico Coffee Roasters,"Koramangala 5th Block, Bangalore",900,"Cafe, Continental, Italian, Burger, North Indian, Salad, Shake, Beverages",4.4,https://www.zomato.com//bangalore/mitico-coffee-roasters-koramangala-5th-block-bangalore/info
140,Elysium By Stories,"Sarjapur Road, Bangalore",1600,"South Indian, North Indian, Fast Food, Oriental",4.2,https://www.zomato.com//bangalore/elysium-by-stories-sarjapur-road-bangalore/info
141,Flo,"Church Street, Bangalore",1900,"Asian, Thai, Continental, Finger Food, Sushi, Desserts, Beverages",4.2,https://www.zomato.com//bangalore/flo-church-street-bangalore/info
142,Nevermind - Bar & Social,"Indiranagar, Bangalore",1800,"Bar Food, North Indian, Chinese, Continental, Burger",4.1,https://www.zomato.com//bangalore/nevermind-bar-social-indiranagar-bangalore/info
143,Oyster Bar & Kitchen,"HSR, Bangalore",1600,"Continental, Bar Food, Chinese, North Indian, Beverages, Desserts",4.5,https://www.zomato.com//bangalore/oyster-bar-kitchen-hsr-bangalore/info
144,Umbaa Pub And Kitchen,"ITPL Main Road, Whitefield, Bangalore",1500,"Bar Food, North Indian, Mughlai, Continental, Beverages",4.5,https://www.zomato.com//bangalore/umbaa-pub-and-kitchen-1-itpl-main-road-whitefield-bangalore/info
145,Jamming Goat 3.0,"JP Nagar, Bangalore",1500,"North Indian, Asian, Desserts",4.3,https://www.zomato.com//bangalore/jamming-goat-3-0-jp-nagar-bangalore/info
146,Caffeine Couture,"Bellandur, Bangalore",1200,"Cafe, Coffee, British",4.0,https://www.zomato.com//bangalore/caffeine-couture-bellandur-bangalore/info
147,24@43 - The Oterra,"The Oterra, Hosur Road, Bangalore",3700,"North Indian, Asian, Continental, Fast Food, Biryani, Desserts",4.1,https://www.zomato.com//bangalore/2443-the-oterra-electronic-city/info
148,BANOFFEE,"HSR, Bangalore",1600,"Cafe, Continental, Asian, Mexican, Italian, European, Beverages, Desserts",4.1,https://www.zomato.com//bangalore/banoffee-hsr-bangalore/info
149,Paper And Pie,"Indiranagar, Bangalore",1200,"Cafe, Italian, Continental, Desserts, Beverages, Shake",3.5,https://www.zomato.com//bangalore/paper-and-pie-indiranagar-bangalore/info
150,Haldiram's Restaurant,"HSR, Bangalore",400,"Mithai, South Indian, North Indian, Sandwich, Street Food, Biryani, Beverages",4.1,https://www.zomato.com//bangalore/haldirams-restaurant-1-hsr-bangalore/info
151,Stories Bar & Kitchen,"JP Nagar, Bangalore",1800,"Bar Food, Chinese, North Indian, Italian, Pizza, Seafood, Desserts",4.3,https://www.zomato.com//bangalore/stories-bar-kitchen-jp-nagar-bangalore/info
152,Backyard Burgers And Grill,"Indiranagar, Bangalore",400,"Burger, American, Wraps, Fast Food, Salad",4.1,https://www.zomato.com//bangalore/backyard-burgers-and-grill-indiranagar-bangalore/info
153,Xero Degrees,"Koramangala 5th Block, Bangalore",1000,"Cafe, Coffee, Fast Food, Pizza, Burger, Sandwich, Waffle, Beverages",4.1,https://www.zomato.com//bangalore/xero-degrees-koramangala-5th-block-bangalore/info
154,Singapore Street,"Kammanahalli, Bangalore",1400,"Singaporean, Thai, Sushi, Asian, Korean, Indonesian, Desserts, Beverages",4.6,https://www.zomato.com//bangalore/singapore-street-2-kammanahalli-bangalore/info
155,Hitchki,"Sarjapur Road, Bangalore",1900,"Bar Food, Continental, North Indian, Asian, Biryani, Desserts",4.2,https://www.zomato.com//bangalore/hitchki-sarjapur-road-bangalore/info
156,Mirage,"1 Sobha, Bangalore",3000,"Asian, Chinese, Thai, Beverages, Desserts",4.1,https://www.zomato.com//bangalore/mirage-st-marks-road-bangalore/info
157,Cafe Gujjubhai,"Sarjapur Road, Bangalore",300,"North Indian, Gujarati, Street Food, Fast Food",3.5,https://www.zomato.com//bangalore/cafe-gujjubhai-sarjapur-road-bangalore/info
158,Cafe Palmyra,"Palm Meadows Club, Whitefield, Bangalore",2500,"Chinese, North Indian, Continental, Oriental, Sichuan, South Indian, Desserts",4.2,https://www.zomato.com//bangalore/cafe-palmyra-whitefield/info
159,La Utsav - Grand Mercure,"Grand Mercure, Bangalore",2500,"North Indian, South Indian, Continental, Oriental, Italian, Desserts, Beverages, Shake",4.1,https://www.zomato.com//bangalore/la-utsav-grand-mercure-old-madras-road-bangalore/info
160,Badmaash,"Koramangala 5th Block, Bangalore",2500,"Bar Food, North Indian, Italian, Mughlai, Desserts",4.2,https://www.zomato.com//bangalore/badmaash-koramangala-5th-block-bangalore/info
161,BumbleBee Brauhaus,"Indiranagar, Bangalore",2600,"Thai, Chinese, South Indian, Continental, North Indian, Italian, Desserts, Beverages",3.6,https://www.zomato.com//bangalore/bumblebee-brauhaus-indiranagar-bangalore/info
162,153 Biere Street,"Whitefield, Bangalore",2000,"Asian, Continental, North Indian, Malaysian, Italian, Desserts",4.2,https://www.zomato.com//bangalore/153-biere-street-whitefield-bangalore/info
163,Plan B X Hangover,"HSR, Bangalore",2000,"American, Burger, Pizza, Continental, Bar Food, Desserts, Beverages",4.1,https://www.zomato.com//bangalore/plan-b-x-hangover-hsr-bangalore/info
164,Cafe Petriqor,"JP Nagar, Bangalore",700,"Asian, Continental, Coffee, Pizza, Pasta",4.4,https://www.zomato.com//bangalore/cafe-petriqor-jp-nagar-bangalore/info
165,Sunburn Union,"Koramangala 6th Block, Bangalore",2000,"Bar Food, South Indian, North Indian",3.5,https://www.zomato.com//bangalore/sunburn-union-koramangala-6th-block-bangalore/info
166,Iris Cafe,"HSR, Bangalore",950,"Fast Food, Irish, Italian, Beverages, Desserts",4.1,https://www.zomato.com//bangalore/iris-cafe-hsr-bangalore/info
167,Chinese Wok,"Hosur Road, Bangalore",550,Chinese,4.0,https://www.zomato.com//bangalore/chinese-wok-hosur-road-bangalore/info
168,Hashtag 88,"Marathahalli, Bangalore",1400,"Asian, Chinese, Salad, North Indian, Fast Food, Biryani, Desserts",4.3,https://www.zomato.com//bangalore/hashtag-88-marathahalli-bangalore/info
169,Gawky Goose,"Old Airport Road, Bangalore",2200,"Italian, Biryani, North Indian, Fast Food, Seafood, Asian, Desserts, Beverages",4.4,https://www.zomato.com//bangalore/gawky-goose-airport-road-bangalore/info
170,Candles  Brewhouse,"RMZ Azure, Bangalore",2500,"Italian, Continental, American, Pizza, North Indian",4.3,https://www.zomato.com//bangalore/candles-brewhouse-hebbal-bangalore/info
171,Kaara By The Lake,"Ulsoor, Bangalore",850,"Italian, Desserts, Beverages",4.1,https://www.zomato.com//bangalore/kaara-by-the-lake-ulsoor-bangalore/info
172,Brahma Brews,"JP Nagar, Bangalore",2500,"Asian, North Indian, South Indian",4.5,https://www.zomato.com//bangalore/brahma-brews-jp-nagar-bangalore/info
173,Chalukya Samrat Cafe Since 1977,"1 Sobha, Bangalore",1000,"South Indian, North Indian, Chinese, Street Food, Beverages",4.4,https://www.zomato.com//bangalore/chalukya-samrat-cafe-since-1977-st-marks-road-bangalore/info
174,Pijja,"Indiranagar, Bangalore",500,"Italian, Pizza",New,https://www.zomato.com//bangalore/pijja-2-indiranagar-bangalore/info
175,The Fisherman's Wharf,"Sarjapur Road, Bangalore",1900,"North Indian, Chinese, Seafood, Goan, Finger Food, Continental, Desserts, Beverages",4.1,https://www.zomato.com//bangalore/the-fishermans-wharf-sarjapur-road/info
176,Biryani By Kilo,"Marathahalli, Bangalore",600,"Biryani, Hyderabadi, Kebab, North Indian, Ice Cream, Desserts",4.1,https://www.zomato.com//bangalore/biryani-by-kilo-marathahalli-bangalore/info
177,Kapoor's Cafe,"Jayanagar, Bangalore",1000,"North Indian, Fast Food, Street Food, Desserts",3.4,https://www.zomato.com//bangalore/kapoors-cafe-jayanagar-bangalore/info
178,The Fixx,"Koramangala 4th Block, Bangalore",1800,"North Indian, Continental, Chinese, Seafood, Pasta, Pizza, Biryani, Beverages",4.1,https://www.zomato.com//bangalore/the-fixx-1-koramangala-4th-block-bangalore/info
179,Onesta,"Koramangala 4th Block, Bangalore",1000,"Pizza, Pasta, Sandwich, Fast Food, Desserts, Beverages",4.1,https://www.zomato.com//bangalore/onesta-koramangala-4th-block-bangalore/info
180,Glen's Bakehouse,"Indiranagar, Bangalore",800,"Bakery, Cafe, Italian, Continental, Fast Food, Beverages, Desserts",3.9,https://www.zomato.com//bangalore/glens-bakehouse-indiranagar-bangalore/info
181,Teatings,"HSR, Bangalore",1000,"Continental, Pasta, Sandwich, Salad, Tea, Beverages, Desserts",New,https://www.zomato.com//bangalore/teatings-hsr-bangalore/info
182,Brother Barley Brewing Company,"HSR, Bangalore",1800,"Finger Food, Continental, North Indian, Chinese, Italian, Beverages, Desserts",4.2,https://www.zomato.com//bangalore/brother-barley-brewing-company-hsr-bangalore/info
183,Shiro,"UB City, Bangalore",3500,"Japanese, Sushi, Asian, Desserts, Thai, Korean, Cantonese, Vietnamese",4.1,https://www.zomato.com//bangalore/shiro-lavelle-road/info
184,Vapour Brewpub And Diner,"Sarjapur Road, Bangalore",2200,"North Indian, Continental, Italian, European, Biryani, Salad, Desserts, Beverages",4.3,https://www.zomato.com//bangalore/vapour-brewpub-and-diner-sarjapur-road-bangalore/info
185,Omega IX Cocktail Bar And Global Kitchen,"Sahakara Nagar, Bangalore",1800,"North Indian, Continental, Asian, Sushi, Italian, Desserts, Beverages",4.5,https://www.zomato.com//bangalore/omega-ix-cocktail-bar-and-global-kitchen-sahakara-nagar-bangalore/info
186,Gochick,"HSR, Bangalore",400,"Burger, Fast Food",3.9,https://www.zomato.com//bangalore/gochick-hsr-bangalore/info
187,Table For Tous,"HSR, Bangalore",750,"Desserts, Bakery, Coffee, Cafe",4.2,https://www.zomato.com//TableForTous/info
188,Skyline Rooftop Bar & Kitchen,"Livin Hub Hotel, Bangalore",1800,"Chinese, Italian, Fast Food, North Indian, Kebab, Biryani, Continental, Beverages",4.4,https://www.zomato.com//bangalore/skyline-rooftop-bar-kitchen-marathahalli-bangalore/info
189,JULIET,"1 MG Road Mall, MG Road, Bangalore",2500,"Asian, Continental, Sushi, Thai, Japanese, Desserts",4.0,https://www.zomato.com//bangalore/juliet-mg-road-bangalore/info
190,KFC,"Uttarahalli, Bangalore",500,"Fast Food, Burger, Biryani, Desserts, Beverages",3.8,https://www.zomato.com//bangalore/kfc-uttarahalli-bangalore/info
191,Sstella Asian Kitchen And Bar,"Royal Meenakshi Mall, Bannerghatta Road, Bangalore",1000,"Asian, Chinese, Desserts, Beverages",4.5,https://www.zomato.com//bangalore/sstella-asian-kitchen-and-bar-bannerghatta-road-bangalore/info
192,Cocobolo,"New BEL Road, Bangalore",1000,"Bar Food, North Indian, Continental, Italian, Chinese, BBQ, Desserts, Beverages",4.3,https://www.zomato.com//bangalore/cocobolo-new-bel-road-bangalore/info
193,Kathpal's,"Vega City, Bannerghatta Road, Bangalore",1000,"North Indian, Chinese, Biryani, Street Food, Desserts, Beverages",4.3,https://www.zomato.com//bangalore/kathpals-bannerghatta-road-bangalore/info
194,Hitchki,"Phoenix Marketcity Bangalore, Whitefield, Bangalore",2000,"North Indian, Chinese, Continental, Biryani, Finger Food, Bar Food, Desserts, Beverages",4.4,https://www.zomato.com//bangalore/hitchki-kr-puram-bangalore/info
195,Ambedo Kitchen|Taproom,"JP Nagar, Bangalore",1500,"Continental, Asian, North Indian, Italian, Pizza, Sushi",4.5,https://www.zomato.com//bangalore/ambedo-kitchen-taproom-jp-nagar-bangalore/info
196,Gwalia,"ITPL Main Road, Whitefield, Bangalore",250,"North Indian, Street Food, Ice Cream, Mithai, Desserts",4.0,https://www.zomato.com//bangalore/gwalia-itpl-main-road-whitefield-bangalore/info
197,The Rajputana,"Brookefield, Bangalore",1000,"North Indian, Gujarati, Desserts, Mithai, Beverages",3.2,https://www.zomato.com//bangalore/the-rajputana-1-brookefield-bangalore/info
198,Rasta Cafe,"Mysore Road, Bangalore",1200,"Cafe, Continental, Italian, Beverages, Desserts",3.2,https://www.zomato.com//bangalore/rasta-cafe-mysore-road/info
199,Tiamo - Conrad Bengaluru,"Conrad Bengaluru, Ulsoor, Bangalore",3000,"Italian, Mediterranean, Fast Food",4.0,https://www.zomato.com//bangalore/tiamo-conrad-bengaluru-ulsoor/info
200,White Garden,"Kalyan Nagar, Bangalore",1600,"North Indian, Italian, Lebanese, Asian, Continental, Desserts",4.2,https://www.zomato.com//bangalore/white-garden-kalyan-nagar-bangalore/info
201,1522 - The Pub,"JP Nagar, Bangalore",1800,"Chinese, North Indian, Mughlai, Finger Food, Seafood",4.4,https://www.zomato.com//bangalore/1522-the-pub-jp-nagar-bangalore/info
202,The Peak,"Sahakara Nagar, Bangalore",1000,"Continental, Mangalorean",4.3,https://www.zomato.com//bangalore/the-peak-2-sahakara-nagar-bangalore/info
203,Burma Burma - Indiranagar,"Indiranagar, Bangalore",1800,"Burmese, Asian, Salad, Bubble Tea, Ice Cream, Desserts",4.8,https://www.zomato.com//bangalore/burma-burma-indiranagar-indiranagar-bangalore/info
204,Mallika Biryani - Bileshivale Road,"Hennur, Bangalore",500,"Biryani, South Indian",4.2,https://www.zomato.com//bangalore/mallika-biryani-bileshivale-road-hennur-bangalore/info
205,The Pump House,"JP Nagar, Bangalore",2500,"Continental, Chinese, North Indian, Italian, Asian, Salad, Pizza, Desserts",4.4,https://www.zomato.com//bangalore/the-pump-house-1-jp-nagar-bangalore/info
206,Pizza 4P's,"Indiranagar, Bangalore",1000,Pizza,New,https://www.zomato.com//bangalore/pizza-4ps-indiranagar-bangalore/info
207,Pasta Street,"JP Nagar, Bangalore",1800,"Pasta, Pizza, Italian, Salad, Desserts, Beverages",4.4,https://www.zomato.com//bangalore/pasta-street-jp-nagar-bangalore/info
208,The Filter Coffee,"Indiranagar, Bangalore",200,"South Indian, Beverages",3.5,https://www.zomato.com//bangalore/the-filter-coffee-indiranagar-bangalore/info
209,WOW! Momo,"Brigade Road, Bangalore",400,"Momos, Fast Food, Chinese, Tibetan, Sichuan, Beverages, Desserts",3.4,https://www.zomato.com//bangalore/wow-momo-1-brigade-road/info
210,The Pallet,"Whitefield, Bangalore",2500,"Finger Food, North Indian, Continental, Chinese, Italian, Beverages",4.3,https://www.zomato.com//bangalore/the-pallet-2-whitefield-bangalore/info
211,The Groot,"Bhartiya Mall of Bengaluru, Bangalore",1000,"Italian, North Indian, Chinese, Burger, Pasta, Pizza, Salad, Desserts",3.8,https://www.zomato.com//bangalore/the-groot-jakkur-bangalore/info
212,Flyover Drinkery,"Esteem Mall, Hebbal, Bangalore",1800,"Bar Food, Continental, Oriental, Asian, Pasta, North Indian, South Indian, Desserts",4.4,https://www.zomato.com//bangalore/flyover-drinkery-hebbal-bangalore/info
213,"Frozen Bottle - Milkshakes, Desserts And Ice Cream","HSR, Bangalore",350,"Shake, Beverages, Desserts, Ice Cream, Waffle, Healthy Food",3.6,https://www.zomato.com//bangalore/frozen-bottle-milkshakes-desserts-and-ice-cream-hsr-bangalore/info
214,Geometry Gastropub,"New BEL Road, Bangalore",1600,"Continental, North Indian, Chinese, Mughlai, Biryani, Desserts, Beverages",4.4,https://www.zomato.com//bangalore/geometry-gastropub-new-bel-road-bangalore/info
215,The Persian Terrace - Sheraton Grand Bangalore Hotel at Brigade Gateway,"Sheraton Grand Bangalore Hotel at Brigade Gateway, Bangalore",3500,"Iranian, Mediterranean, Afghan, Seafood, Desserts",4.2,https://www.zomato.com//bangalore/the-persian-terrace-sheraton-grand-bangalore-hotel-at-brigade-gateway-malleshwaram/info
216,Burger King,"HSR, Bangalore",400,"Burger, Fast Food, Desserts, Beverages",3.8,https://www.zomato.com//bangalore/burger-king-hsr-bangalore/info
217,Burgermeister - Burgers Shakes & Wings,"HSR, Bangalore",300,"Burger, Fast Food, Shake, Beverages, Desserts",3.8,https://www.zomato.com//bangalore/burgermeister-burgers-shakes-wings-hsr-bangalore/info
218,Tanjosh,"Domlur, Bangalore",1000,"North Indian, Mughlai, Chinese, Desserts",New,https://www.zomato.com//bangalore/tanjosh-domlur-bangalore/info
219,Flechazo,"Marathahalli, Bangalore",1000,"North Indian, Chinese, Pizza, Continental, Fast Food, Desserts, Shake, Beverages",4.3,https://www.zomato.com//bangalore/flechazo-1-marathahalli-bangalore/info
220,Plan B,"Koramangala 7th Block, Bangalore",1600,"American, Continental, Burger, Pizza, Tex-Mex, Fast Food",4.0,https://www.zomato.com//bangalore/plan-b-koramangala-7th-block-bangalore/info
221,Levels Pub & Kitchen,"JP Nagar, Bangalore",1700,"Asian, South Indian, North Indian",4.4,https://www.zomato.com//bangalore/levels-pub-kitchen-jp-nagar-bangalore/info
222,"Torye Drink, Dine & Dance","Rajarajeshwari Nagar, Bangalore",2000,Continental,3.7,https://www.zomato.com//bangalore/torye-drink-dine-dance-rajarajeshwari-nagar-bangalore/info
223,Bologna,"Indiranagar, Bangalore",1500,"Italian, Pasta, Pizza, Desserts",4.8,https://www.zomato.com//bangalore/bologna-indiranagar-bangalore/info
224,The Soda Factory,"Nagarbhavi, Bangalore",1100,"North Indian, Chinese, Pasta, Pizza, Fast Food, Biryani, Desserts, Beverages",4.3,https://www.zomato.com//bangalore/the-soda-factory-nagarbhavi-bangalore/info
225,Khai Khai,"HSR, Bangalore",500,"Bengali, North Indian, Biryani, Rolls, Continental, Street Food, Beverages",4.1,https://www.zomato.com//bangalore/khai-khai-hsr-bangalore/info
226,Cafe Reset Your Happy Place,"Koramangala 6th Block, Bangalore",950,"Healthy Food, Continental, Italian, Beverages",4.6,https://www.zomato.com//bangalore/cafe-reset-your-happy-place-koramangala-6th-block-bangalore/info
227,Sugar Factory Reloaded,"Koramangala 5th Block, Bangalore",1800,"North Indian, Continental, Italian, Chinese, Asian, American",4.1,https://www.zomato.com//bangalore/sugar-factory-reloaded-koramangala-5th-block-bangalore/info
228,Geist Brewing Co.,"Old Madras Road, Bangalore",1700,"American, Pizza, Italian, Fast Food, North Indian, Pasta, Desserts, Beverages",4.2,https://www.zomato.com//bangalore/geist-brewing-co-old-madras-road-bangalore/info
229,Rajdhani,"Phoenix Marketcity Bangalore, Whitefield, Bangalore",1200,"Gujarati, North Indian, Rajasthani",4.0,https://www.zomato.com//bangalore/rajdhani-1-whitefield-bangalore/info
230,Inanna Tap Room,"Bannerghatta Road, Bangalore",2000,"Chinese, North Indian, Burger, Pizza, Italian, Desserts",4.1,https://www.zomato.com//bangalore/inanna-tap-room-bannerghatta-road-bangalore/info
231,Dobaraa,"Phoenix Marketcity Bangalore, Whitefield, Bangalore",1200,"Continental, North Indian, Salad, Desserts",4.3,https://www.zomato.com//bangalore/dobaraa-kr-puram-bangalore/info
232,Farata Parata,"Hosur Road, Bangalore",150,North Indian,4.0,https://www.zomato.com//bangalore/farata-parata-1-hosur-road-bangalore/info
233,Third Wave Coffee,"Banashankari, Bangalore",700,"Cafe, Coffee, Sandwich, Pizza, Fast Food, Tea, Beverages",4.1,https://www.zomato.com//bangalore/third-wave-coffee-banashankari-bangalore/info
234,India Sweet House,"HSR, Bangalore",300,"Mithai, Street Food, Beverages",4.1,https://www.zomato.com//bangalore/india-sweet-house-hsr-bangalore/info
235,Coffee Stories,"JP Nagar, Bangalore",1200,"Cafe, Coffee, Pizza, North Indian, Pasta, Desserts, Chinese, Beverages",4.0,https://www.zomato.com//bangalore/coffee-stories-jp-nagar-bangalore/info
236,Vyana Flavors Of Nature,"JP Nagar, Bangalore",1700,"North Indian, Oriental, Continental, Chinese, Salad, Pizza, Fast Food, Desserts",3.9,https://www.zomato.com//bangalore/vyana-flavors-of-nature-jp-nagar-bangalore/info
237,Toca,"Koramangala 5th Block, Bangalore",1400,"Chinese, Fast Food, Steak, Pasta, Asian, Biryani, Desserts",4.2,https://www.zomato.com//bangalore/toca-koramangala-5th-block-bangalore/info
238,Oziano,"Varthur Main Road, Whitefield, Bangalore",1000,"Bengali, Biryani",4.0,https://www.zomato.com//bangalore/oziano-varthur-main-road-whitefield-bangalore/info
239,Kapoor's Chaat Bhandaar,"Sarjapur Road, Bangalore",500,"Street Food, Desserts, Beverages",4.0,https://www.zomato.com//bangalore/kapoors-chaat-bhandaar-sarjapur-road-bangalore/info
240,Pinds Of Punjab,"Kadubeesanahalli, Bangalore",200,"North Indian, Street Food, Beverages",4.4,https://www.zomato.com//bangalore/pinds-of-punjab-kadubeesanahalli-bangalore/info
241,Pizza Hut,"Old Airport Road, Bangalore",600,"Pizza, Italian, Pasta, Fast Food, Desserts, Beverages",3.5,https://www.zomato.com//bangalore/pizza-hut-airport-road/info
242,Yellow Door - The Neighbourhood Kitchen,"Koramangala 5th Block, Bangalore",1100,"North Indian, Asian, Italian, Fast Food",4.3,https://www.zomato.com//bangalore/yellow-door-the-neighbourhood-kitchen-1-koramangala-5th-block-bangalore/info
243,Dock 66,"Whitefield, Bangalore",1800,"North Indian, South Indian",4.3,https://www.zomato.com//bangalore/dock-66-1-whitefield-bangalore/info
244,Sindh Punjab,"Brookefield, Bangalore",400,"North Indian, Sindhi, Street Food, Beverages, Chinese",4.0,https://www.zomato.com//bangalore/sindh-punjab-brookefield-bangalore/info
245,Yuki,"Indiranagar, Bangalore",1600,"Asian, Japanese, Sushi, Thai, Chinese, Salad, Desserts",4.5,https://www.zomato.com//bangalore/yuki-indiranagar-bangalore/info
246,Gopaljee Cafe,"Brookefield, Bangalore",400,"Street Food, North Indian",4.2,https://www.zomato.com//bangalore/gopaljee-cafe-brookefield-bangalore/info
247,Communiti,"Brigade Road, Bangalore",1800,"American, Continental, European, Italian, Oriental, Burger, Beverages",4.5,https://www.zomato.com//bangalore/communiti-brigade-road-bangalore/info
248,A2B - Adyar Ananda Bhavan,"Varthur Main Road, Whitefield, Bangalore",700,"South Indian, Street Food, Biryani, Beverages",4.1,https://www.zomato.com//bangalore/a2b-adyar-ananda-bhavan-varthur-main-road-whitefield-bangalore/info
249,GOPIZZA,"Hoskote, Bangalore",400,Pizza,4.1,https://www.zomato.com//bangalore/gopizza-hoskote-bangalore/info
250,Sathya's,"Koramangala 3rd Block, Bangalore",1400,"North Indian, Chinese, Beverages",4.1,https://www.zomato.com//bangalore/sathyas-koramangala-3rd-block/info
251,Daysie - All Day Casual Bar,"MG Road, Bangalore",1300,"North Indian, Italian, Continental, Asian, Chinese, Bar Food, Desserts",4.4,https://www.zomato.com//bangalore/daysie-all-day-casual-bar-mg-road-bangalore/info
252,Poco A Poco - Global Food & Music,"Whitefield, Bangalore",1000,"Continental, Chinese, North Indian, Italian, Cafe, Asian, South Indian, Beverages",4.5,https://www.zomato.com//bangalore/poco-a-poco-global-food-music-whitefield-bangalore/info
253,Barrys Sky Lounge,"Kalyan Nagar, Bangalore",1000,"Chinese, North Indian, Oriental, Mughlai, Biryani",4.3,https://www.zomato.com//bangalore/barrys-sky-lounge-kalyan-nagar-bangalore/info
254,Monsoon - The Park Bangalore,"The Park, MG Road, Bangalore",3500,"Italian, North Indian, Continental, Asian, Seafood, Desserts",3.8,https://www.zomato.com//bangalore/monsoon-the-park-bangalore-mg-road-bangalore/info
255,Lifetree,"Richmond Road, Bangalore",1700,"North Indian, Continental, Pizza, Fast Food, Biryani, Desserts, Beverages",4.3,https://www.zomato.com//bangalore/lifetree-richmond-road-bangalore/info
256,The Reservoire,"Koramangala 5th Block, Bangalore",2000,"North Indian, Biryani, Asian, Italian, Continental, Bar Food, Desserts, Beverages",4.4,https://www.zomato.com//bangalore/the-reservoire-koramangala-5th-block/info
257,Brooks And Bonds Brewery,"Koramangala 5th Block, Bangalore",2000,"Continental, American, North Indian, Italian, Fast Food, Beverages, Desserts",4.2,https://www.zomato.com//bangalore/brooks-and-bonds-brewery-koramangala-5th-block-bangalore/info
258,Xochi Bar And Kitchen,"Bellandur, Bangalore",2500,"Asian, North Indian, Continental",4.5,https://www.zomato.com//bangalore/xochi-bar-and-kitchen-bellandur-bangalore/info
259,Punjab Bistro,"Whitefield, Bangalore",1300,"North Indian, Mughlai, Seafood, Biryani, Desserts",4.2,https://www.zomato.com//bangalore/punjab-bistro-1-whitefield-bangalore/info
260,Stegi - Modern Indian,"Jayanagar, Bangalore",1400,"North Indian, Italian, Fast Food, Desserts, Beverages",4.1,https://www.zomato.com//bangalore/stegi-modern-indian-jayanagar-bangalore/info
261,Full Circle,"Rajarajeshwari Nagar, Bangalore",1504,North Indian,4.1,https://www.zomato.com//bangalore/full-circle-rajarajeshwari-nagar-bangalore/info
262,Down Town Tap Room,"Brigade Road, Bangalore",1700,"Continental, Pizza, Burger, Fast Food, Biryani, Desserts, Bar Food, Beverages",4.6,https://www.zomato.com//bangalore/down-town-tap-room-1-brigade-road-bangalore/info
263,Indigo XP,"Koramangala 5th Block, Bangalore",2000,"North Indian, Continental, Chinese, Italian, Oriental, Thai, Biryani",4.0,https://www.zomato.com//bangalore/indigo-xp-koramangala-5th-block/info
264,House Of Commons,"HSR, Bangalore",1200,"Bar Food, Fast Food, North Indian, Continental, Seafood, Italian, Chinese, Desserts",4.5,https://www.zomato.com//bangalore/house-of-commons-hsr-bangalore/info
265,Chianti,"Forum Falcon City Mall, Kanakapura Roaad, Bangalore",1800,"Italian, Pizza, Pasta, Desserts",4.9,https://www.zomato.com//bangalore/chianti-kanakapura-road-bangalore/info
266,Mannheim Craft Brewery,"Garuda Mall, Magrath Road, Bangalore",1500,"South Indian, North Indian, Continental, Desserts, Asian",4.4,https://www.zomato.com//bangalore/mannheim-craft-brewery-brigade-road-bangalore/info
267,Babai Tiffins,"Sarjapur Road, Bangalore",150,South Indian,4.0,https://www.zomato.com//bangalore/babai-tiffins-sarjapur-road-bangalore/info
268,Kling Brewery,"Church Street, Bangalore",1500,"Continental, European, Asian, Chinese, North Indian, South Indian, Seafood",4.2,https://www.zomato.com//bangalore/kling-brewery-church-street-bangalore/info
269,Drink & Dine,"SG Arcade, Bangalore",1700,"North Indian, Chinese, Mughlai, Sandwich, Burger, Pizza, Biryani, Desserts",4.2,https://www.zomato.com//bangalore/drink-dine-rajarajeshwari-nagar-bangalore/info
270,Maverick & Farmer Coffee,"Koramangala 4th Block, Bangalore",1000,"Cafe, Sandwich, Fast Food, Salad, Burger, Italian, Desserts, Beverages",3.9,https://www.zomato.com//bangalore/maverick-farmer-coffee-koramangala-4th-block-bangalore/info
271,Corn Dawg,"Koramangala 5th Block, Bangalore",300,"Fast Food, Korean",2.7,https://www.zomato.com//bangalore/corn-dawg-koramangala-5th-block-bangalore/info
272,Ambi Naati Style,"Banashankari, Bangalore",300,"South Indian, Chinese, Kebab, Street Food",3.9,https://www.zomato.com//bangalore/ambi-naati-style-2-banashankari-bangalore/info
273,2 Rabbits Bakes,"Koramangala 5th Block, Bangalore",600,"Bakery, Desserts",3.9,https://www.zomato.com//bangalore/2-rabbits-bakes-koramangala-5th-block-bangalore/info
274,Thela Tapri By Sharma's Kitchen,"BTM, Bangalore",250,"North Indian, Fast Food",3.9,https://www.zomato.com//bangalore/thela-tapri-by-sharmas-kitchen-btm-bangalore/info
275,Ishaara,"Phoenix Marketcity Bangalore, Whitefield, Bangalore",2500,"North Indian, Mughlai, Kebab, Biryani",4.5,https://www.zomato.com//bangalore/ishaara-kr-puram-bangalore/info
276,Proxy,"Marathahalli, Bangalore",1200,"Finger Food, Street Food, Pasta, Bar Food, Desserts",4.4,https://www.zomato.com//bangalore/proxy-marathahalli-bangalore/info
277,Horizon,"World Trade Center, Bangalore",3000,"Chinese, Japanese, Asian, Salad, Thai, Desserts, Beverages",4.4,https://www.zomato.com//bangalore/horizon-1-malleshwaram-bangalore/info
278,Don't Tell Mama,"HSR, Bangalore",2000,"North Indian, Continental, Chinese, Italian, Oriental, Thai, Biryani",3.9,https://www.zomato.com//bangalore/dont-tell-mama-1-hsr-bangalore/info
279,Shokudo,"Jayanagar, Bangalore",1500,"Japanese, Thai, Chinese, Asian, Sushi, Desserts, Beverages, Korean",4.1,https://www.zomato.com//bangalore/shokudo-jayanagar-bangalore/info
280,Mithai Mahal,"Bannerghatta Road, Bangalore",200,"Mithai, American, North Indian, Street Food, Momos, Fast Food, Beverages",4.0,https://www.zomato.com//bangalore/mithai-mahal-bannerghatta-road-bangalore/info
281,Kappa Chakka Kandhari,"Koramangala 6th Block, Bangalore",1800,"Kerala, South Indian, Desserts, Beverages",4.2,https://www.zomato.com//bangalore/kappa-chakka-kandhari-koramangala-6th-block-bangalore/info
282,AB's - Absolute Barbecues,"Marathahalli, Bangalore",1850,"Biryani, BBQ, Kebab, North Indian, Desserts",4.5,https://www.zomato.com//bangalore/abs-absolute-barbecues-marathahalli/info
283,MoMo Cafe - Courtyard By Marriott,"Courtyard & Fairfield by Marriott, Bangalore",2800,"North Indian, Asian, Fast Food, Continental, Italian, Desserts, Beverages",4.0,https://www.zomato.com//bangalore/momo-cafe-courtyard-by-marriott-bellandur-bangalore/info
284,Suay,"JP Nagar, Bangalore",1400,"Cafe, Coffee, Continental, Fast Food, Salad, Chinese, Desserts, Beverages",New,https://www.zomato.com//bangalore/suay-jp-nagar-bangalore/info
285,Chai Point,"Church Street, Bangalore",250,"Tea, Coffee, Beverages, Shake, Fast Food, Rolls, Desserts, Cafe",4.1,https://www.zomato.com//bangalore/chai-point-church-street-bangalore/info
286,Gatsby,"Bannerghatta Road, Bangalore",2500,"Finger Food, Healthy Food, North Indian, Asian, Sushi, Chinese, South Indian, Pizza",4.4,https://www.zomato.com//bangalore/gatsby-bannerghatta-road-bangalore/info
287,Hangover Brewery,"Koramangala 7th Block, Bangalore",2000,"Continental, North Indian, Chinese, Finger Food, Burger, Pizza, Desserts",4.0,https://www.zomato.com//bangalore/hangover-brewery-koramangala-7th-block-bangalore/info
288,Gilly's Restobar,"Bannerghatta Road, Bangalore",2000,"North Indian, European, Bar Food, Italian, Fast Food, Desserts, Beverages",4.3,https://www.zomato.com//bangalore/gillys-restobar-bannerghatta-road-bangalore/info
289,Celebs Restobar,"Brookefield, Bangalore",1300,Bar Food,4.3,https://www.zomato.com//bangalore/celebs-restobar-brookefield-bangalore/info
290,The Irish House,"RMZ Ecoworld, Bellandur, Bangalore",2000,"European, American, Italian, BBQ, Beverages, Desserts",4.2,https://www.zomato.com//bangalore/the-irish-house-bellandur/info
291,Dhaba - Estd 1986 Delhi,"Indiranagar, Bangalore",2500,"North Indian, Mughlai, Desserts, Paan",4.2,https://www.zomato.com//bangalore/dhaba-estd-1986-delhi-indiranagar-bangalore/info
292,21st Amendment Gastrobar,"Indiranagar, Bangalore",1700,"North Indian, Fast Food, Chinese, Bar Food, Sichuan, Beverages",4.3,https://www.zomato.com//bangalore/21st-amendment-gastrobar-indiranagar-bangalore/info
293,Shelby Rooftop Taproom & Kitchen,"Nagarbhavi, Bangalore",1400,"Asian, North Indian",4.1,https://www.zomato.com//bangalore/shelby-rooftop-taproom-kitchen-nagarbhavi-bangalore/info
294,Shree Aahar,"HSR, Bangalore",500,"South Indian, North Indian, Chinese, Sandwich, Street Food",3.7,https://www.zomato.com//bangalore/shree-aahar-1-hsr-bangalore/info
295,Delhi Ke Famous Nagpal's,"Jayanagar, Bangalore",500,"North Indian, Street Food, Tea, Shake, Beverages",New,https://www.zomato.com//bangalore/delhi-ke-famous-nagpals-jayanagar-bangalore/info
296,Essence Of Kolkata,"Whitefield, Bangalore",650,"Bengali, Biryani, North Indian, Chinese, Mughlai, Beverages",3.4,https://www.zomato.com//bangalore/essence-of-kolkata-2-whitefield-bangalore/info
297,@Calcutta Aromas Of The East,"Jalahalli, Bangalore",600,"Bengali, North Indian, Rolls",3.5,https://www.zomato.com//bangalore/@calcutta-aromas-of-the-east-jalahalli-bangalore/info
298,CTR Shri Sagar - Since 1920,"Malleshwaram, Bangalore",150,South Indian,4.7,https://www.zomato.com//bangalore/ctr-shri-sagar-since-1920-malleshwaram-bangalore/info
299,Rasotsav,"Forum Falcon City Mall, Kanakapura Roaad, Bangalore",1200,"Rajasthani, Gujarati, North Indian, Mithai",4.3,https://www.zomato.com//bangalore/rasotsav-kanakapura-road-bangalore/info
300,Chowki Multicuisine Restaurant,"Whitefield, Bangalore",700,"North Indian, Chinese, Seafood, Fast Food, Biryani, Sichuan, Desserts, Beverages",4.2,https://www.zomato.com//bangalore/chowki-multicuisine-restaurant-whitefield-bangalore/info
301,Geist Brewing Co.,"Bhartiya Mall of Bengaluru, Bangalore",1800,"Continental, Italian, North Indian, South Indian, Bar Food, Beverages",New,https://www.zomato.com//bangalore/geist-brewing-co-jakkur-bangalore/info
302,Garden City Beer Collective,"Yelahanka, Bangalore",2000,"Pizza, Continental, Sushi, Asian, South Indian, Pasta, Desserts",4.3,https://www.zomato.com//bangalore/garden-city-beer-collective-yelahanka-bangalore/info
303,Limelight - Royal Orchid Hotel,"Royal Orchid Hotel,  Old Airport Road, Bangalore",3500,"Asian, Continental, North Indian, South Indian, Healthy Food, Beverages, Desserts",3.9,https://www.zomato.com//bangalore/limelight-royal-orchid-hotel-airport-road-bangalore/info
304,Chaayos Chai+Snacks=Relax,"Kammanahalli, Bangalore",350,"Tea, Beverages, Sandwich, Street Food",3.3,https://www.zomato.com//bangalore/chaayos-chai-snacks-relax-kammanahalli-bangalore/info
305,Cable Car,"Jayanagar, Bangalore",1200,"Oriental, Continental, Pasta, North Indian, Desserts",4.0,https://www.zomato.com//bangalore/cable-car-jayanagar/info
306,"Cha Cha Cha - Dimsum, Sushi, Stir Fry","Phoenix Marketcity Bangalore, Whitefield, Bangalore",2500,"Asian, Chinese",4.2,https://www.zomato.com//bangalore/cha-cha-cha-dimsum-sushi-stir-fry-whitefield-bangalore/info
307,You Mee,"Orion Mall, Malleshwaram, Bangalore",2200,"Asian, Sushi, Japanese, Chinese, Desserts, Beverages",4.4,https://www.zomato.com//bangalore/you-mee-malleshwaram-bangalore/info
308,Peep In Cafe,"BTM, Bangalore",300,"Cafe, Coffee, Chinese, Fast Food, Street Food, Shake, Beverages, Desserts",3.9,https://www.zomato.com//bangalore/peep-in-cafe-btm-bangalore/info
309,Isobel,"Jayanagar, Bangalore",700,"Cafe, Continental, Italian, Beverages",4.1,https://www.zomato.com//bangalore/isobel-1-jayanagar-bangalore/info
310,The Big Barbeque,"Marathahalli, Bangalore",2000,"BBQ, Pizza, North Indian, Pasta, Desserts, Beverages",4.4,https://www.zomato.com//bangalore/the-big-barbeque-marathahalli-bangalore/info
311,Public - The Rooftop Bar And Kitchen,"Bannerghatta Road, Bangalore",1200,"North Indian, Biryani, Oriental, Pizza, Continental",4.2,https://www.zomato.com//bangalore/public-the-rooftop-bar-and-kitchen-bannerghatta-road-bangalore/info
312,Sidewalk Bar & Kitchen,"Marathahalli, Bangalore",1800,"North Indian, Continental, Chinese, Fast Food, Beverages",4.3,https://www.zomato.com//bangalore/sidewalk-bar-kitchen-marathahalli-bangalore/info
313,Dishkeyaun,"Forum Rex Walk, Bangalore",2000,"Modern Indian, Biryani, Desserts",New,https://www.zomato.com//bangalore/dishkeyaun-1-brigade-road-bangalore/info
314,The Brownie Circles,"Indiranagar, Bangalore",600,"Desserts, Cafe, Coffee, Tea",4.4,https://www.zomato.com//bangalore/the-brownie-circles-indiranagar-bangalore/info
315,Jamie Oliver Kitchen Cafe,"Bellandur, Bangalore",1000,"Healthy Food, Coffee, Salad, Sandwich, Tea, Continental",New,https://www.zomato.com//bangalore/jamie-oliver-kitchen-cafe-bellandur-bangalore/info
316,La Milano Pizzeria,"Marathahalli, Bangalore",400,"Pizza, Mexican, Fast Food",3.8,https://www.zomato.com//bangalore/la-milano-pizzeria-marathahalli-bangalore/info
317,La Pino'z Pizza,"Bellandur, Bangalore",500,"Pizza, Italian, Pasta, Fast Food",4.2,https://www.zomato.com//bangalore/la-pinoz-pizza-bellandur-bangalore/info
318,One Night In Bangkok,"UB City, Bangalore",2500,"Asian, Thai, Desserts, Beverages",4.0,https://www.zomato.com//bangalore/one-night-in-bangkok-lavelle-road-bangalore/info
319,Sly Granny,"Indiranagar, Bangalore",2500,"Continental, Italian, Salad, Sandwich, Pizza, Middle Eastern, Desserts",4.4,https://www.zomato.com//bangalore/sly-granny-indiranagar-bangalore/info
320,Chili's American Grill & Bar,"Orion Mall, Malleshwaram, Bangalore",1800,"Continental, Mexican, American, Italian, Desserts, Beverages",4.3,https://www.zomato.com//bangalore/chilis-american-grill-bar-rajajinagar-bangalore/info
321,Big Pitcher,"Sarjapur Road, Bangalore",1800,"North Indian, Continental, Mughlai, Chinese, Italian, Biryani, Desserts, Beverages",4.5,https://www.zomato.com//bangalore/big-pitcher-sarjapur-road-bangalore/info
322,The 13th Floor,"Barton Centre, Bangalore",2500,"North Indian, Asian, Kebab, Chinese, Salad, Beverages, Desserts",4.3,https://www.zomato.com//bangalore/the-13th-floor-mg-road-bangalore/info
323,Spice Terrace - JW Marriott,"JW Marriott Bengaluru, Lavelle Road, Bangalore",3500,"North Indian, Mughlai, Desserts",4.2,https://www.zomato.com//bangalore/spice-terrace-jw-marriott-lavelle-road/info
324,Secret Of Bangalore,"Rajarajeshwari Nagar, Bangalore",1600,"Italian, Continental, Asian, Pizza, Pasta, Desserts, Beverages",4.1,https://www.zomato.com//bangalore/secret-of-bangalore-rajarajeshwari-nagar-bangalore/info
325,Suku Japanese And Thai Restaurant,"HSR, Bangalore",800,"Japanese, Thai",4.7,https://www.zomato.com//bangalore/suku-japanese-and-thai-restaurant-hsr-bangalore/info
326,Bistro Claytopia,"Koramangala 1st Block, Bangalore",1100,"Cafe, American, Italian, Modern Indian, Continental, Desserts, Beverages",3.7,https://www.zomato.com//bangalore/bistro-claytopia-koramangala-1st-block/info
327,The Farmhouse Kitchen & Bakery,"Varthur Main Road, Whitefield, Bangalore",1200,"Cafe, Italian, Continental, Healthy Food, Beverages, Desserts",3.6,https://www.zomato.com//bangalore/the-farmhouse-kitchen-bakery-varthur-main-road-whitefield-bangalore/info
328,Madurai Idly Shop,"ITPL Main Road, Whitefield, Bangalore",300,South Indian,3.1,https://www.zomato.com//bangalore/madurai-idly-shop-itpl-main-road-whitefield-bangalore/info
329,ulo Ice-Creams,"Indiranagar, Bangalore",300,"Ice Cream, Desserts",3.9,https://www.zomato.com//bangalore/ulo-ice-creams-indiranagar-bangalore/info
330,Pincode 24 Bar & Bistro,"Hebbal, Bangalore",1000,"Bar Food, Continental, North Indian, Burger, Sandwich, Panini, Beverages",New,https://www.zomato.com//bangalore/pincode-24-bar-bistro-hebbal-bangalore/info
331,Copper + Cloves,"Indiranagar, Bangalore",600,"Salad, Healthy Food, Sandwich, Coffee, Beverages, Juices",3.4,https://www.zomato.com//bangalore/copper-cloves-indiranagar-bangalore/info
332,The Spice Studio,"Brookefield, Bangalore",550,"North Indian, Biryani, Chinese",3.9,https://www.zomato.com//bangalore/the-spice-studio-brookefield-bangalore/info
333,Spettacolare,"Indiranagar, Bangalore",1000,"Italian, Pizza, Pasta",3.9,https://www.zomato.com//bangalore/spettacolare-indiranagar-bangalore/info
334,Salt - Indian Restaurant Bar & Grill,"Nexus, Koramangala, Bangalore",1800,"North Indian, Rolls, Mughlai, Seafood, Biryani, Kebab, Desserts, Beverages",4.6,https://www.zomato.com//bangalore/salt-indian-restaurant-bar-grill-koramangala-7th-block-bangalore/info
335,Tiger Tiger Brewhouse,"Sarjapur Road, Bangalore",1600,"North Indian, Continental, Oriental, Mughlai, Andhra, European, Beverages, Desserts",4.1,https://www.zomato.com//bangalore/tiger-tiger-brewhouse-1-sarjapur-road-bangalore/info
336,Foxtrot,"Marathahalli, Bangalore",1900,"North Indian, Mughlai, Biryani, Desserts, Beverages",4.2,https://www.zomato.com//bangalore/foxtrot-marathahalli-bangalore/info
337,Reboot The Pub,"Marathahalli, Bangalore",1200,"North Indian, Chinese, Continental, Italian, Biryani, Mughlai, Desserts",4.0,https://www.zomato.com//bangalore/reboot-the-pub-1-marathahalli-bangalore/info
338,Litti Cafe,"Sarjapur Road, Bangalore",200,"Bihari, North Indian, Street Food, Desserts",3.9,https://www.zomato.com//bangalore/litti-cafe-sarjapur-road-bangalore/info
339,Desi Dawat,"ITPL Main Road, Whitefield, Bangalore",550,"North Indian, Chinese, Street Food",3.7,https://www.zomato.com//bangalore/desi-dawat-itpl-main-road-whitefield-bangalore/info
340,Bombay Adda,"Koramangala 7th Block, Bangalore",2000,"Continental, North Indian, Asian, Pizza, Fast Food, Kebab, Desserts, Beverages",4.2,https://www.zomato.com//bangalore/bombay-adda-koramangala-7th-block-bangalore/info
341,Enne,"Malleshwaram, Bangalore",1000,"South Indian, Andhra, Seafood, Biryani, Continental",3.9,https://www.zomato.com//bangalore/enne-malleshwaram-bangalore/info
342,Tadka Bowl,"Vaishnavi Sapphire Mall, Bangalore",600,"North Indian, South Indian, Continental, Biryani, Fast Food, Chinese, Desserts, Beverages",4.1,https://www.zomato.com//bangalore/tadka-bowl-yeshwantpur-bangalore/info
343,You Me And Tea,"HSR, Bangalore",400,"Chinese, Biryani, Street Food, Fast Food, Sandwich, North Indian, Tea, Beverages",4.2,https://www.zomato.com//bangalore/you-me-and-tea-1-hsr-bangalore/info
344,Ciciana,"HSR, Bangalore",1200,"Cafe, Coffee, Italian, Fast Food, Salad, Desserts, Beverages",3.7,https://www.zomato.com//bangalore/ciciana-hsr-bangalore/info
345,Uncle Peter's Pancakes & Cafe,"Domlur, Bangalore",300,"Desserts, Tea, Beverages, Fast Food",4.1,https://www.zomato.com//bangalore/uncle-peters-pancakes-cafe-domlur-bangalore/info
346,Skyye,"UB City, Bangalore",2200,"Continental, Asian, Thai, Seafood, Italian, Beverages, Desserts",4.3,https://www.zomato.com//bangalore/skyye-lavelle-road/info
347,Fenny's Lounge And Kitchen,"Koramangala 7th Block, Bangalore",1900,"Mediterranean, Continental, Italian, Desserts, Beverages",4.5,https://www.zomato.com//bangalore/fennys-lounge-and-kitchen-koramangala-7th-block/info
348,Altitude Kitchen & Bar,"Basaveshwara Nagar, Bangalore",1800,"Chinese, Seafood, North Indian, Kebab, Pizza, Finger Food, Biryani, Desserts",4.2,https://www.zomato.com//bangalore/altitude-kitchen-bar-basaveshwara-nagar-bangalore/info
349,Aromas Of Biryani,"Jayanagar, Bangalore",1000,"Biryani, North Indian, South Indian",4.3,https://www.zomato.com//bangalore/aromas-of-biryani-1-jayanagar-bangalore/info
350,La Casa Brewery And Kitchen,"Sarjapur Road, Bangalore",2000,"Continental, North Indian, Mughlai, Chinese, Finger Food, Steak, Desserts, Beverages",4.3,https://www.zomato.com//bangalore/la-casa-brewery-and-kitchen-sarjapur-road-bangalore/info
351,Barbeque Nation,"Electronic City, Bangalore",1900,"North Indian, BBQ, Biryani, Kebab, Continental, Chinese, Beverages, Desserts",4.3,https://www.zomato.com//bangalore/barbeque-nation-electronic-city/info
352,IGNYT -The Beer Station,"Kumaraswamy Layout, Bangalore",2000,Continental,New,https://www.zomato.com//bangalore/ignyt-the-beer-station-kumaraswamy-layout-bangalore/info
353,California Burrito,"HSR, Bangalore",450,"Mexican, Healthy Food, American, Salad, Fast Food, Beverages",4.4,https://www.zomato.com//bangalore/california-burrito-hsr/info
354,Windmills,"Craftworks, Bangalore",3500,"Continental, North Indian, Mughlai, Kebab, Desserts",4.7,https://www.zomato.com//bangalore/windmills-1-whitefield-bangalore/info
355,Barista Coffee,"Embassy Manyata Business Park,  Nagawara , Bangalore",600,"Cafe, Fast Food, Beverages, Desserts",3.7,https://www.zomato.com//bangalore/barista-coffee-nagawara-bangalore/info
356,Alchemy Coffee Roasters,"Jayanagar, Bangalore",1100,"Cafe, Italian, Continental, Fast Food, Modern Indian, Desserts, Beverages",4.0,https://www.zomato.com//bangalore/alchemy-coffee-roasters-jayanagar/info
357,Jus' Trufs,"Jakkur, Bangalore",1200,"Cafe, Italian, Fast Food, Pizza, Desserts, Beverages",3.9,https://www.zomato.com//bangalore/jus-trufs-jakkur-bangalore/info
358,Khmer Kitchen,"JP Nagar, Bangalore",2500,"Chinese, Asian, Thai, Japanese",4.6,https://www.zomato.com//bangalore/khmer-kitchen-jp-nagar-bangalore/info
359,Zyng - Pan Asian Dining,"Ulsoor, Bangalore",1200,"Asian, Japanese, Korean, Chinese, Thai, Seafood, Desserts",4.3,https://www.zomato.com//bangalore/zyng-pan-asian-dining-ulsoor-bangalore/info
360,Caf Down The Alley,"Banashankari, Bangalore",700,"Cafe, Continental, Italian, Mexican, Fast Food, Beverages, Desserts",3.8,https://www.zomato.com//bangalore/caf-down-the-alley-banashankari/info
361,Caf Siri,"Brookefield, Bangalore",250,"North Indian, South Indian, Sandwich, Biryani, Desserts, Beverages, Chinese",4.2,https://www.zomato.com//bangalore/caf-siri-brookefield-bangalore/info
362,Sector 144,"Electronic City, Bangalore",1100,"North Indian, Chinese, Kebab, Mughlai, Italian, Fast Food, Desserts, Bar Food",4.4,https://www.zomato.com//bangalore/sector-144-electronic-city-bangalore/info
363,Karim's Delhi 6 - Since 1913,"St. Marks Road, Bangalore",950,"Mughlai, North Indian, Rolls",3.6,https://www.zomato.com//bangalore/karims-delhi-6-since-1913-st-marks-road-bangalore/info
364,Sri Manjunatha Cafe,"BTM, Bangalore",200,"South Indian, Chinese, Street Food, Beverages",3.9,https://www.zomato.com//bangalore/sri-manjunatha-cafe-btm-bangalore/info
365,Lapis - The Oberoi,"The Oberoi, MG Road, Bangalore",4000,"North Indian, South Indian, Mediterranean, European, American, Italian",4.1,https://www.zomato.com//bangalore/lapis-the-oberoi-mg-road-bangalore/info
366,Aramana Oru Nadan Oonu Kada,"Electronic City, Bangalore",300,"South Indian, Kerala, Seafood",New,https://www.zomato.com//bangalore/aramana-oru-nadan-oonu-kada-1-electronic-city-bangalore/info
367,Blink by Zoca,"Whitefield, Bangalore",1500,"North Indian, Chinese, Thai, Continental",4.0,https://www.zomato.com//bangalore/blink-by-zoca-whitefield-bangalore/info
368,One Atria Cafe - Radisson Blu Atria,"Radisson Blu Atria, Bangalore",2500,"South Indian, North Indian, Chinese, Biryani",3.8,https://www.zomato.com//bangalore/one-atria-cafe-radisson-blu-atria-race-course-road-bangalore/info
369,Pinxx - Royal Orchid Central,"Royal Orchid Central, MG Road, Bangalore",1900,"Continental, North Indian, Chinese, Sandwich, Fast Food, Desserts, Beverages",3.7,https://www.zomato.com//bangalore/pinxx-royal-orchid-central-mg-road-bangalore/info
370,Great Room - Holiday Inn Express & Suites,"Hoskote, Bangalore",2000,"North Indian, Chinese, Continental, Biryani, Fast Food, Desserts, Beverages",4.1,https://www.zomato.com//bangalore/great-room-holiday-inn-express-suites-hoskote-bangalore/info
371,Cafe Plume,"Indiranagar, Bangalore",950,"Cafe, Coffee, Beverages, Sandwich, French, Desserts",4.0,https://www.zomato.com//bangalore/cafe-plume-indiranagar-bangalore/info
372,Rajwadi,"Brookefield, Bangalore",600,"North Indian, Rajasthani, Street Food, Biryani, Mithai, Desserts, Shake, Beverages",3.8,https://www.zomato.com//bangalore/rajwadi-brookefield-bangalore/info
373,Isar Ji Cafe,"Bommanahalli, Bangalore",200,"North Indian, Chinese, Street Food, Desserts, Beverages",3.7,https://www.zomato.com//bangalore/isar-ji-cafe-bommanahalli-bangalore/info
374,The Coffee Brewery,"Indiranagar, Bangalore",800,"Cafe, Coffee, Sandwich, Fast Food, Bakery, Ice Cream, Beverages",New,https://www.zomato.com//bangalore/the-coffee-brewery-indiranagar-bangalore/info
375,CUR8 - Four Seasons Hotel,"Four Seasons Hotel, RT Nagar, Bangalore",4000,"European, Italian, Pizza, North Indian, Salad",4.4,https://www.zomato.com//bangalore/cur8-four-seasons-hotel-rt-nagar-bangalore/info
376,HumbleBean Coffee,"Indiranagar, Bangalore",650,"Cafe, Coffee, Bakery, Healthy Food, Desserts, Beverages",3.9,https://www.zomato.com//bangalore/humblebean-coffee-indiranagar-bangalore/info
377,Monk's Bar & Social,"BTM, Bangalore",1000,"Bar Food, South Indian, Asian, European, Italian, North Indian, Desserts, Beverages",4.5,https://www.zomato.com//bangalore/monks-bar-social-1-btm-bangalore/info
378,Paragon Restaurant - Since 1939,"1 Sobha, Bangalore",1000,"Kerala, Oriental, South Indian, Chinese, Seafood, Desserts, Beverages",4.0,https://www.zomato.com//bangalore/paragon-restaurant-since-1939-st-marks-road-bangalore/info
379,Haldiram's Sweets And Namkeen,"Basaveshwara Nagar, Bangalore",400,"Mithai, Bakery, Desserts, North Indian, Street Food",3.8,https://www.zomato.com//bangalore/haldirams-sweets-and-namkeen-basaveshwara-nagar-bangalore/info
380,District 6 Pub Brewery & Kitchen,"Malleshwaram, Bangalore",2500,"North Indian, Pizza, Italian, Bar Food, Continental, Asian, Desserts",4.5,https://www.zomato.com//bangalore/district-6-pub-brewery-kitchen-malleshwaram-bangalore/info
381,Shao,"Radisson Blu, Marathahalli, Bangalore",3500,"Thai, Japanese, Chinese, Asian, Sichuan, Beverages",4.5,https://www.zomato.com//bangalore/shao-marathahalli-bangalore/info
382,Arbor Brewing Company,"Brigade Road, Bangalore",1800,"American, Continental, Fast Food, Beverages",4.6,https://www.zomato.com//ArborBrewIndia/info
383,Selenophile Cafe,"BTM, Bangalore",750,"Cafe, Coffee, Fast Food, Pizza, Chinese, Sandwich, Desserts, Beverages",3.9,https://www.zomato.com//bangalore/selenophile-cafe-btm-bangalore/info
384,Cafe 1617,"Kalyan Nagar, Bangalore",1000,"Cafe, Coffee, Continental, Chinese, Fast Food, Desserts, Tea, Beverages",3.6,https://www.zomato.com//bangalore/cafe-1617-kalyan-nagar-bangalore/info
385,M Cafe - Bengaluru Marriott Hotel Whitefield,"Bengaluru Marriott Hotel Whitefield, Bangalore",3800,"North Indian, Continental, Italian, Thai",4.1,https://www.zomato.com//bangalore/m-cafe-bengaluru-marriott-hotel-whitefield-whitefield/info
386,Peepai,"Hebbal, Bangalore",2500,"North Indian, Pizza, Chinese, European, Bar Food, Biryani, Desserts, Beverages",4.5,https://www.zomato.com//bangalore/peepai-3-hebbal-bangalore/info
387,Nirula's,"Indiranagar, Bangalore",500,"Pizza, Burger, North Indian, Fast Food, Momos, Wraps, Ice Cream, Beverages",4.1,https://www.zomato.com//bangalore/nirulas-1-indiranagar-bangalore/info
388,We: Neighborhood,"Brigade Road, Bangalore",1400,"European, American, North Indian, Burger, Pizza, Desserts, Beverages",4.3,https://www.zomato.com//bangalore/we-neighborhood-brigade-road-bangalore/info
389,Down Town Diner,"Brigade Road, Bangalore",750,"Cafe, Coffee, Fast Food, Pizza, Burger, Sandwich, Desserts, Beverages",4.3,https://www.zomato.com//bangalore/down-town-diner-brigade-road-bangalore/info
390,Aroma's Hyderabad House,"HSR, Bangalore",950,"Hyderabadi, Biryani, North Indian, Mughlai, Chinese, Seafood, Kebab, Beverages",4.1,https://www.zomato.com//bangalore/aromas-hyderabad-house-hsr-bangalore/info
391,The Spiceberry,"Bellandur, Bangalore",1000,"North Indian, Pasta, Pizza, Continental, Salad, Sandwich, Kebab, Desserts",4.4,https://www.zomato.com//bangalore/the-spiceberry-bellandur-bangalore/info
392,Societe Rangoon,"JP Nagar, Bangalore",1000,"Burmese, Asian",New,https://www.zomato.com//bangalore/societe-rangoon-jp-nagar-bangalore/info
393,Devaras Restaurant,"Rajajinagar, Bangalore",150,"South Indian, Street Food",New,https://www.zomato.com//bangalore/devaras-restaurant-rajajinagar-bangalore/info
394,Ner.lu Cafe,"Race Course Road, Bangalore",600,"Cafe, Continental, Fast Food, Beverages",3.9,https://www.zomato.com//bangalore/ner-lu-cafe-race-course-road-bangalore/info
395,The Aviary,"JW Marriott Bengaluru Prestige Golfshire Resort & Spa, International Airport, Bangalore",3000,"South Indian, North Indian",3.9,https://www.zomato.com//bangalore/the-aviary-international-airport-bangalore/info
396,Demitasse Coffee,"Brookefield, Bangalore",300,"Cafe, Coffee, Beverages",3.9,https://www.zomato.com//bangalore/demitasse-coffee-brookefield-bangalore/info
397,Cafe Morish,"Richmond Road, Bangalore",800,"Continental, Asian, Pizza, Wraps, Sandwich, Burger, Desserts, Beverages",4.2,https://www.zomato.com//bangalore/cafe-morish-richmond-road-bangalore/info
398,Babylonia - Global Food & Cocktails,"Koramangala 7th Block, Bangalore",1500,"Continental, North Indian, Asian, Italian, Mughlai, Mediterranean, Bar Food, Desserts",4.5,https://www.zomato.com//bangalore/babylonia-global-food-cocktails-koramangala-7th-block-bangalore/info
399,Seta,"Hilton Bangalore Embassy GolfLinks, Domlur, Bangalore",2500,"Asian, Mediterranean, Chinese, Desserts",4.4,https://www.zomato.com//bangalore/seta-domlur-bangalore/info
400,Lord Of The Drinks,"Phoenix Marketcity Bangalore, Whitefield, Bangalore",1700,"Finger Food, Continental, European, North Indian, Italian, Asian, Sichuan",4.0,https://www.zomato.com//bangalore/lord-of-the-drinks-1-whitefield-bangalore/info
401,Rooftop at Raw,"Koramangala 5th Block, Bangalore",1200,"Continental, Italian, Mexican, Pizza, Pasta, Beverages",4.0,https://www.zomato.com//bangalore/rooftop-at-raw-koramangala-5th-block-bangalore/info
402,Nectar,"Indiranagar, Bangalore",200,"Juices, Shake",3.9,https://www.zomato.com//bangalore/nectar-indiranagar-bangalore/info
403,Zed The Baker,"Church Street, Bangalore",800,"Bakery, Burger, Pizza, Desserts",4.0,https://www.zomato.com//bangalore/zed-the-baker-church-street-bangalore/info
404,Blue Tokai Coffee Roasters,"Koramangala 5th Block, Bangalore",600,"Cafe, Coffee, Healthy Food, Beverages, Desserts, American, Sandwich",3.9,https://www.zomato.com//bangalore/blue-tokai-coffee-roasters-koramangala-5th-block-bangalore/info
405,Toscano,"Varthur Main Road, Whitefield, Bangalore",1800,"Italian, Pizza, Pasta, Continental, Desserts, Steak, Seafood, Beverages",4.6,https://www.zomato.com//bangalore/toscano-varthur-main-road-whitefield-bangalore/info
406,Hakuna Matata,"JP Nagar, Bangalore",1700,"North Indian, Asian, Seafood, Chinese, Biryani, Fast Food, Desserts, Beverages",4.4,https://www.zomato.com//bangalore/hakuna-matata-jp-nagar/info
407,Thelagram,"JP Nagar, Bangalore",800,"North Indian, Street Food, Desserts, Beverages",New,https://www.zomato.com//bangalore/thelagram-jp-nagar-bangalore/info
408,Conu,"Indiranagar, Bangalore",500,"Cafe, Fast Food",4.3,https://www.zomato.com//bangalore/conu-indiranagar-bangalore/info
409,Sherlock's - Lounge & Kitchen,"Yelahanka, Bangalore",2500,"Continental, North Indian, Finger Food, Chinese, Fast Food, South Indian, Desserts, Beverages",4.1,https://www.zomato.com//bangalore/sherlocks-lounge-kitchen-yelahanka-bangalore/info
410,z by Kebapci,"UB City, Bangalore",1800,"Turkish, Mediterranean, Middle Eastern",4.6,https://www.zomato.com//bangalore/z-by-kebapci-lavelle-road-bangalore/info
411,Have More,"Kalyan Nagar, Bangalore",950,"North Indian, Chinese, Rolls, Biryani, Salad, Beverages",3.9,https://www.zomato.com//bangalore/have-more-kalyan-nagar-bangalore/info
412,Blurred,"Koramangala 5th Block, Bangalore",1000,"North Indian, South Indian, Continental, Chinese",4.1,https://www.zomato.com//bangalore/blurred-koramangala-5th-block-bangalore/info
413,Oota Bangalore,"Craftworks, Bangalore",1200,"Mangalorean, South Indian, Salad, Desserts",4.9,https://www.zomato.com//bangalore/oota-bangalore-whitefield/info
414,Kaz,"Lavelle Road, Bangalore",3500,"Japanese, Sushi, Thai, Asian",4.5,https://www.zomato.com//bangalore/kaz-1-lavelle-road-bangalore/info
415,LUPA,"MG Road, Bangalore",5000,"Mediterranean, European, Italian, Salad, Desserts, Beverages",3.8,https://www.zomato.com//bangalore/lupa-mg-road-bangalore/info
416,Big Barrel BrewPub,"Rajarajeshwari Nagar, Bangalore",2000,"Chinese, Salad, North Indian, Oriental, Mexican, Italian, Continental, Beverages",4.3,https://www.zomato.com//bangalore/big-barrel-brewpub-rajarajeshwari-nagar-bangalore/info
417,Mainland China,"Whitefield, Bangalore",2000,"Chinese, Asian, Seafood, Sushi, Bar Food, Beverages",4.5,https://www.zomato.com//bangalore/mainland-china-whitefield/info
418,Hopshaus,"Whitefield, Bangalore",2000,"Continental, North Indian, Chinese, Sichuan, Pizza, Asian, Finger Food, Desserts",4.1,https://www.zomato.com//bangalore/hopshaus-whitefield-bangalore/info
419,Spot 360 - DoubleTree Suites by Hilton,"DoubleTree Suites By Hilton, Sarjapur, Bangalore",2500,"North Indian, Asian, Beverages",4.3,https://www.zomato.com//bangalore/spot-360-doubletree-suites-by-hilton-bellandur-bangalore/info
420,Easy Tiger,"Church Street, Bangalore",1700,"Finger Food, Continental",4.2,https://www.zomato.com//bangalore/easy-tiger-church-street/info
421,Fire Station,"Electronic City, Bangalore",1700,"Finger Food, North Indian, Continental, Italian, Chinese, Beverages, Desserts",4.2,https://www.zomato.com//bangalore/fire-station-electronic-city-bangalore/info
422,Arion Biryani's,"Bellandur, Bangalore",650,"South Indian, Biryani, Chinese",3.7,https://www.zomato.com//bangalore/arion-biryanis-1-bellandur-bangalore/info
423,Infuse Tea & Snacks Adda,"Marathahalli, Bangalore",150,"Tea, Juices, Shake, Beverages, Fast Food, Street Food",3.6,https://www.zomato.com//bangalore/infuse-tea-snacks-adda-marathahalli-bangalore/info
424,Mavalli Tiffin Room (MTR),"Basavanagudi, Bangalore",250,"South Indian, Beverages",4.4,https://www.zomato.com//bangalore/mavalli-tiffin-room-mtr-basavanagudi-bangalore/info
425,9 Tables Restaurant,"Bellandur, Bangalore",650,"North Indian, Chinese, Kebab, Biryani, Tamil",4.1,https://www.zomato.com//bangalore/9-tables-restaurant-bellandur-bangalore/info
426,Namma Mysuru Cafe,"Jayanagar, Bangalore",100,"South Indian, Street Food, Beverages",3.6,https://www.zomato.com//bangalore/namma-mysuru-cafe-jayanagar-bangalore/info
427,Socialize,"Basaveshwara Nagar, Bangalore",850,"Cafe, Italian, Continental, Healthy Food, Fast Food, Beverages, Desserts, Shake",3.9,https://www.zomato.com//bangalore/socialize-basaveshwara-nagar-bangalore/info
428,Hustle,"HSR, Bangalore",850,"Cafe, Coffee, Tea, Pizza, Pasta, Sandwich, Fast Food, Continental",4.7,https://www.zomato.com//bangalore/hustle-hsr-bangalore/info
429,Justbe By Nidhi Nahata,"Sadashiv Nagar, Bangalore",1200,"Cafe, Healthy Food, Fast Food, Desserts, Beverages",4.3,https://www.zomato.com//justbecafe/info
430,Hungry Hippie,"Koramangala 5th Block, Bangalore",1200,"North Indian, Italian, Continental, Mexican, Pizza, Fast Food, Desserts, Beverages",4.2,https://www.zomato.com//bangalore/hungry-hippie-koramangala-5th-block/info
431,Scottish Pub,"St. Marks Road, Bangalore",700,Finger Food,4.3,https://www.zomato.com//bangalore/scottish-pub-st-marks-road/info
432,1947,"Rajarajeshwari Nagar, Bangalore",1200,"North Indian, Desserts, Beverages",3.6,https://www.zomato.com//bangalore/1947-rajarajeshwari-nagar/info
433,BurgerMan,"Indiranagar, Bangalore",700,"Fast Food, Sandwich, Salad, Burger, Beverages",4.5,https://www.zomato.com//bangalore/burgerman-indiranagar-bangalore/info
434,Lotus - Visthara Hotel,"Sahakara Nagar, Bangalore",1100,"North Indian, Chinese, South Indian, Fast Food",4.3,https://www.zomato.com//bangalore/lotus-visthara-hotel-sahakara-nagar-bangalore/info
435,Street Storyss,"Indiranagar, Bangalore",2500,"North Indian, Chinese, Street Food, Desserts, Beverages",4.6,https://www.zomato.com//bangalore/street-storyss-indiranagar-bangalore/info
436,Lucky Chan - Dimsum & Sushi Parlour,"Indiranagar, Bangalore",1900,"Japanese, Chinese, Asian, Desserts, Beverages",4.5,https://www.zomato.com//bangalore/lucky-chan-dimsum-sushi-parlour-indiranagar-bangalore/info
437,Nothing Before Coffee,"Basavanagudi, Bangalore",300,"Cafe, Coffee, Tea, Shake, Fast Food, Beverages",3.9,https://www.zomato.com//bangalore/nothing-before-coffee-1-basavanagudi-bangalore/info
438,Sproutive,"Sarjapur Road, Bangalore",200,"Healthy Food, Juices, Beverages",3.9,https://www.zomato.com//bangalore/sproutive-3-sarjapur-road-bangalore/info
439,Kairali Kitchen And Restaurant,"Attibele, Bangalore",1000,"South Indian, North Indian",3.3,https://www.zomato.com//bangalore/kairali-kitchen-and-restaurant-attibele-bangalore/info
440,Sri Annapoorna Devi Andhra Deluxe Mess,"Bellandur, Bangalore",500,"Biryani, North Indian, South Indian, Chinese",3.9,https://www.zomato.com//bangalore/sri-annapoorna-devi-andhra-deluxe-mess-1-bellandur-bangalore/info
441,Namma Madurai,"Marathahalli, Bangalore",200,"South Indian, Beverages",3.7,https://www.zomato.com//bangalore/namma-madurai-marathahalli-bangalore/info
442,46 Ounces Brewgarden,"Electronic City, Bangalore",1900,"Finger Food, Asian, Chinese, Pizza, North Indian, Fast Food",4.2,https://www.zomato.com//bangalore/46-ounces-brewgarden-electronic-city-bangalore/info
443,Boteco Restaurante Brasileiro,"MG Road, Bangalore",3500,"Brazilian, Steak, Salad, Finger Food, Desserts, Coffee, Beverages",4.3,https://www.zomato.com//bangalore/boteco-restaurante-brasileiro-1-mg-road-bangalore/info
444,Maya,"Jayanagar, Bangalore",1800,"Asian, North Indian, Chinese, Thai, Beverages",4.3,https://www.zomato.com//bangalore/maya-1-jayanagar-bangalore/info
445,Kyba- Sushi Dim Sums & More,"Sahakara Nagar, Bangalore",1400,"Chinese, Thai, Sushi, Japanese, Asian, Seafood, Desserts",4.7,https://www.zomato.com//bangalore/kyba-sushi-dim-sums-more-sahakara-nagar-bangalore/info
446,Bhola & Blonde,"Indiranagar, Bangalore",1900,"North Indian, Lucknowi, Mughlai, Biryani, Fast Food, Desserts",4.0,https://www.zomato.com//bangalore/bhola-blonde-indiranagar-bangalore/info
447,Chili's Grill & Bar,"Lulu Mall, Bangalore",1600,"Mexican, American, Salad, Pizza, Tex-Mex, Italian, Desserts, Beverages",4.4,https://www.zomato.com//bangalore/chilis-grill-bar-majestic-bangalore/info
448,Nanav Store & Cafe,"Indiranagar, Bangalore",950,"Pizza, Burger, Sandwich, European, Italian, Chinese",4.2,https://www.zomato.com//bangalore/nanav-store-cafe-indiranagar-bangalore/info
449,Shift Lounge,"Domlur, Bangalore",1800,"North Indian, Italian",3.7,https://www.zomato.com//bangalore/shift-lounge-domlur-bangalore/info
450,Bombay Brasserie,"Indiranagar, Bangalore",2000,"North Indian, Biryani, Fast Food, Desserts, Tea",4.5,https://www.zomato.com//bangalore/bombay-brasserie-indiranagar/info
451,Chapter One Bar | Maiin,"New BEL Road, Bangalore",1400,"North Indian, South Indian, Chinese, Italian, Fast Food, Finger Food, Desserts, Beverages",4.3,https://www.zomato.com//bangalore/chapter-one-bar-maiin-new-bel-road-bangalore/info
452,Sweets Of India,"BTM, Bangalore",300,Mithai,3.8,https://www.zomato.com//bangalore/sweets-of-india-btm-bangalore/info
453,Venkateshwara Hotel,"Hosur Road, Bangalore",250,"South Indian, Chinese, Biryani, North Indian, Andhra",3.6,https://www.zomato.com//bangalore/venkateshwara-hotel-hosur-road-bangalore/info
454,Jagli Tindi,"Jayanagar, Bangalore",200,South Indian,3.9,https://www.zomato.com//bangalore/jagli-tindi-jayanagar-bangalore/info
455,Delhi Wala Tadka,"Marathahalli, Bangalore",500,"North Indian, Chinese, Street Food, Biryani, Beverages",3.7,https://www.zomato.com//bangalore/delhi-wala-tadka-marathahalli-bangalore/info
456,Belur Cafe,"Jalahalli, Bangalore",400,"Cafe, Fast Food, Rolls",3.7,https://www.zomato.com//bangalore/belur-cafe-4-jalahalli-bangalore/info
457,Siddhivinayak Vadapav,"Rammurthy Nagar, Bangalore",200,Street Food,3.8,https://www.zomato.com//bangalore/siddhivinayak-vadapav-rammurthy-nagar-bangalore/info
458,Bob's Bar,"Indiranagar, Bangalore",1400,"South Indian, Biryani, Sandwich, Desserts, Bakery, Beverages",4.2,https://www.zomato.com//bangalore/bobs-bar-1-indiranagar-bangalore/info
459,Salvadores,"MG Road, Bangalore",2500,"Continental, Pasta, Salad, Desserts, Beverages",4.6,https://www.zomato.com//bangalore/salvadores-mg-road-bangalore/info
460,Talli Terrace,"Church Street, Bangalore",500,"North Indian, Chinese, Fast Food",3.8,https://www.zomato.com//bangalore/talli-terrace-church-street-bangalore/info
461,Gabru Di Chaap,"Phoenix Marketcity Bangalore, Whitefield, Bangalore",500,"North Indian, Momos, Fast Food, Wraps, Beverages",4.1,https://www.zomato.com//bangalore/gabru-di-chaap-kr-puram-bangalore/info
462,Caff Allora,"Phoenix Marketcity Bangalore, Whitefield, Bangalore",1500,"Pizza, Italian, Pasta",4.3,https://www.zomato.com//bangalore/caff-allora-kr-puram-bangalore/info
463,Nomad Pizza,"Sarjapur Road, Bangalore",1000,"Pizza, Italian",4.4,https://www.zomato.com//bangalore/nomad-pizza-sarjapur-road-bangalore/info
464,Via Milano,"Sarjapur Road, Bangalore",1600,"Italian, Continental, Pizza, Pasta, Salad, Desserts",4.3,https://www.zomato.com//bangalore/via-milano-sarjapur-road-bangalore/info
465,White Lotus Club,"Sarjapur Road, Bangalore",2000,"Continental, North Indian, Chinese, Italian, Asian, Beverages",3.9,https://www.zomato.com//bangalore/white-lotus-club-sarjapur-road-bangalore/info
466,The Big Baadshaah,"Marathahalli, Bangalore",1900,"Continental, Chinese, Asian, North Indian, Fast Food, Street Food, Desserts, Beverages",4.3,https://www.zomato.com//bangalore/the-big-baadshaah-marathahalli-bangalore/info
467,Leon's Burgers & Wings,"Indiranagar, Bangalore",400,"Burger, Fast Food, Wraps",4.2,https://www.zomato.com//bangalore/leons-burgers-wings-indiranagar-bangalore/info
468,Biggies Burger,"BTM, Bangalore",350,"Burger, American, Fast Food, Wraps, Beverages, Shake",3.7,https://www.zomato.com//bangalore/biggies-burger-1-btm-bangalore/info
469,Marquis - Radisson Blu,"Radisson Blu, Marathahalli, Bangalore",2500,"Asian, Continental, North Indian, Fast Food, Beverages",4.8,https://www.zomato.com//bangalore/marquis-radisson-blu-marathahalli-bangalore/info
470,Yauatcha,"1 MG Road Mall, MG Road, Bangalore",3000,"Chinese, Asian, Cantonese, Seafood, Tea, Desserts",4.3,https://www.zomato.com//bangalore/yauatcha-mg-road/info
471,Smooth Criminal,"Koramangala 5th Block, Bangalore",1000,"Chinese, North Indian, Pizza, Japanese, Biryani, Desserts, Beverages, Continental",3.8,https://www.zomato.com//bangalore/smooth-criminal-koramangala-5th-block-bangalore/info
472,Saffron By Sanmanaa,"Rajajinagar, Bangalore",850,"North Indian, Chinese, Pizza, Fast Food, Biryani, Ice Cream, Desserts, Beverages",4.0,https://www.zomato.com//bangalore/saffron-by-sanmanaa-rajajinagar-bangalore/info
473,24/7 - The Lalit Ashok Bangalore,"The Lalit Ashok Bangalore, Seshadripuram, Bangalore",3600,"Continental, North Indian, Chinese, Desserts",3.8,https://www.zomato.com//24-7RestaurantBangalore/info
474,Mumbai Chai Cafe,"Bellandur, Bangalore",150,"Tea, Maharashtrian, Fast Food, Street Food",-,https://www.zomato.com//bangalore/mumbai-chai-cafe-bellandur-bangalore/info
475,Taaza Thindi,"Banashankari, Bangalore",100,"South Indian, Beverages",4.7,https://www.zomato.com//bangalore/taaza-thindi-banashankari/info
476,Bengaluru Cafe,"Jayanagar, Bangalore",100,South Indian,4.6,https://www.zomato.com//bangalore/bengaluru-cafe-jayanagar-bangalore/info
477,Delhi Highway,"Indiranagar, Bangalore",1800,"North Indian, Chinese, Street Food, Kebab, Desserts, Beverages",4.1,https://www.zomato.com//bangalore/delhi-highway-indiranagar/info
478,Tuk Tuk Thai - Pure Veg Asian Fine Dine,"Koramangala 5th Block, Bangalore",2000,"Thai, Asian, Chinese, Desserts, Beverages",4.8,https://www.zomato.com//bangalore/tuk-tuk-thai-pure-veg-asian-fine-dine-koramangala-5th-block-bangalore/info
479,Dr. Sheesha,"Rajajinagar, Bangalore",1200,"North Indian, Chinese, Continental, Italian, Pasta, Pizza, Beverages",4.2,https://www.zomato.com//bangalore/dr-sheesha-rajajinagar-bangalore/info
480,Beijing Bites,"Koramangala 5th Block, Bangalore",1000,"Chinese, Seafood, Thai, Rolls, Malaysian, Mughlai, Momos",4.0,https://www.zomato.com//bangalore/beijing-bites-koramangala-5th-block/info
481,Sanadige - Goldfinch Hotel,"Goldfinch Hotel, Seshadripuram, Bangalore",1700,"Seafood, Mangalorean, Goan, South Indian, North Indian, Chinese, Desserts, Beverages",4.2,https://www.zomato.com//bangalore/sanadige-goldfinch-hotel-seshadripuram/info
482,Animal Bar,"Koramangala 1st Block, Bangalore",1000,"American, Continental, Italian, South Indian, North Indian, Asian, Chinese",New,https://www.zomato.com//bangalore/animal-bar-koramangala-1st-block-bangalore/info
483,B Town Barbeque,"Rajarajeshwari Nagar, Bangalore",1700,"BBQ, South Indian, Chinese, Salad, Desserts",4.0,https://www.zomato.com//bangalore/b-town-barbeque-rajarajeshwari-nagar-bangalore/info
484,Olio - The Wood Fired Pizzeria,"Koramangala 5th Block, Bangalore",600,"Pizza, Italian, Fast Food, Beverages",4.0,https://www.zomato.com//bangalore/olio-the-wood-fired-pizzeria-1-koramangala-5th-block-bangalore/info
485,Glass  Kitchen & Bar,"Holiday Inn, Race Course Road, Bangalore., Bangalore",3500,"Modern Indian, North Indian, Continental, Biryani, Bar Food, Seafood, Desserts, Beverages",4.6,https://www.zomato.com//bangalore/glass-kitchen-bar-race-course-road-bangalore/info
486,Publik,"Bellandur, Bangalore",1400,"North Indian, Kebab, Chinese, Continental, Mughlai, Seafood, Bar Food, Beverages",4.2,https://www.zomato.com//bangalore/publik-bellandur-bangalore/info
487,Kerbside Bistro,"Sadashiv Nagar, Bangalore",900,"Cafe, Continental, Italian, American, Fast Food, Desserts, Beverages",4.2,https://www.zomato.com//bangalore/kerbside-bistro-sadashiv-nagar-bangalore/info
488,Lot Like Crepes & Cafe,"Whitefield, Bangalore",700,"American, Italian, Burger, Fast Food",3.8,https://www.zomato.com//bangalore/lot-like-crepes-cafe-whitefield-bangalore/info
489,Funky Belgian Waffle,"Whitefield, Bangalore",400,"Waffle, Desserts",3.5,https://www.zomato.com//bangalore/funky-belgian-waffle-whitefield-bangalore/info
490,OYA Urban Cafe,"Frazer Town, Bangalore",950,"Sandwich, Wraps, Pasta, Fast Food, Momos, Tea, Beverages",3.6,https://www.zomato.com//bangalore/oya-urban-cafe-frazer-town-bangalore/info
491,Kava - Fairfield By Marriott,"Fairfield by Marriott,Rajajinagar , Bangalore",3000,"North Indian, South Indian, Continental",3.7,https://www.zomato.com//bangalore/kava-fairfield-by-marriott-rajajinagar-bangalore/info
492,Arogya Ahaara,"HSR, Bangalore",100,South Indian,4.7,https://www.zomato.com//bangalore/arogya-ahaara-hsr/info
493,Chin Lung Resto Bar,"Koramangala 4th Block, Bangalore",1400,"Bar Food, Chinese, North Indian",4.1,https://www.zomato.com//bangalore/chin-lung-resto-bar-koramangala-4th-block-bangalore/info
494,Bathinda Junction,"Koramangala 7th Block, Bangalore",950,"North Indian, Kebab, Street Food, Desserts, Beverages",3.8,https://www.zomato.com//bangalore/bathinda-junction-koramangala-7th-block-bangalore/info
495,Kanti Sweets,"Sarjapur Road, Bangalore",450,"Mithai, Desserts, Street Food",3.6,https://www.zomato.com//bangalore/kanti-sweets-sarjapur-road-bangalore/info
496,Dhanyam Cafe,"Jayanagar, Bangalore",100,"South Indian, Beverages",New,https://www.zomato.com//bangalore/dhanyam-cafe-jayanagar-bangalore/info
497,The Kabab Studio - Goldfinch Hotel,"Goldfinch Hotel, Seshadripuram, Bangalore",2100,"North Indian, Chinese, Continental, South Indian, Oriental, Italian, Kebab",4.1,https://www.zomato.com//bangalore/the-kabab-studio-goldfinch-hotel-seshadripuram-bangalore/info
498,Watson's,"Indiranagar, Bangalore",1600,"North Indian, Continental, Italian, European, Asian, Beverages, Desserts",4.0,https://www.zomato.com//bangalore/watsons-indiranagar-bangalore/info
499,Ponchobyanjon,"Electronic City, Bangalore",600,"Bengali, Fast Food",4.0,https://www.zomato.com//bangalore/ponchobyanjon-electronic-city-bangalore/info
500,Secret Spot Cafe,"Jayanagar, Bangalore",700,"Cafe, Coffee, Sandwich, Burger, Italian, Fast Food, Desserts, Beverages",4.0,https://www.zomato.com//bangalore/secret-spot-cafe-jayanagar-bangalore/info
